asset_name	archive_path	bytes	sha256	description
julia2-selected-runs-nonweights.tar.zst	experiments/julia2-selected-runs-nonweights.tar.zst	452269735	b7b9dd375a8e3a17d9e5b0c263ab0ab9361152cca1028f0949731654f120ccd7	selected Julia2 raw results
julia2-one-epoch-audit-supplement.tar.zst	experiments/julia2-one-epoch-audit-supplement.tar.zst	41341	7865aa50fd54a950b718571653f11aefc7f5580464701040bbecc15373e20270	selected Julia2 raw results
julia2-imagenette-historical-nonweights.tar.zst	experiments/julia2-imagenette-historical-nonweights.tar.zst	5247658	95204492c8e0788e3e6d9be6ce61ca42f50fdfaaef6070918ffc4929c7acc1f8	selected Julia2 raw results
julia2-ab.nn.db.zst	datasets/derived/julia2-ab.nn.db.zst	271298778	d2c5b5120eefe5f511277c4b0eace2f8679f38727b5806622195a63d96398eb3	derived SQLite database
workstation-nn-gpt_exp-ab.nn.db.zst	datasets/derived/workstation-nn-gpt_exp-ab.nn.db.zst	230979279	3df49d0f33a7dd0f186b6d38e679c9d11e46a77ddb0cb2d09d348da6514f923b	derived SQLite database
workstation-nn-gpt_main_run-ab.nn.db.zst	datasets/derived/workstation-nn-gpt_main_run-ab.nn.db.zst	237041033	4401abde1f5fb8502e0cc853326389aad568b1e85c623d9f2cc6e3b154c53e83	derived SQLite database
workstation-prototype-raw-generation_samples.jsonl	experiments/workstation-prototype/rl_output/raw/generation_samples.jsonl	146341969	258bc0c0da640bfd66b42032a6c24af19b9e1b05f2188ff0173b3f0043f0845c	workstation raw candidates
nn-dataset-worktree.tar.zst	code/nn-dataset-worktree.tar.zst	184562786	87a15f21f3a6abf5856b4e8f83f4c4a04946cd16b40192a0e7701339897885e9	dataset worktree snapshot
faraz_final_verification_package.zip	paper_verification/faraz/faraz_final_verification_package.zip	3927837	7913da003d2703a0d3acd1bbf35d3d23f391da1676c27b3aaad501cef7bb15c9	Faraz final verification package
workstation-prototype-rl_output-training_progress.log	experiments/workstation-prototype/rl_output/training_progress.log	6582406	3f7e9231d23115c405fab5e6591f1e910c1f47d8bdcc5a2bcb494fc1ff1195d7	workstation prototype run log/figure
workstation-prototype-rl_output-raw-training_progress.log	experiments/workstation-prototype/rl_output/raw/training_progress.log	9752893	060e6f9f69b23f04ab490b4c7608a8e50300e80fa62191bf7b1f3874aba66381	workstation prototype run log/figure
workstation-prototype-rl_output-raw-reward_dashboard.png	experiments/workstation-prototype/rl_output/raw/reward_dashboard.png	399006	808ad4c543c4de9e3c8a2bed26d4c3be6fbe7cfbd874f3958b351de4dd338205	workstation prototype run log/figure
git-local-nn-gpt-all.bundle	git/nn-gpt/nn-gpt-all.bundle	19871639	f2ec11b21d342d27af8aa0b606aebf65073f013846b3aa4ecd9ea86dcf11709e	complete Git bundle (secret-pattern audited)
git-julia2-nn-gpt-all.bundle	git/nn-gpt/julia2-nn-gpt-all.bundle	19782440	c1a629d378d5a080ab35ccfa77588ce965e87287d985478ab8e7aef9f45eaac2	complete Git bundle (secret-pattern audited)
git-workstation-nn-gpt_main_run-all.bundle	git/workstation/nn-gpt_main_run/nn-gpt_main_run-all.bundle	19285443	4ed9ee41cd705d20c023a40203ff4fb1926c1897dd4c0a2e9033dc6f671ea193	complete Git bundle (secret-pattern audited)
git-workstation-nn-gpt_backupOnly-all.bundle	git/workstation/nn-gpt_backupOnly/nn-gpt_backupOnly-all.bundle	14126218	c170513cf96d6c222eb0529963e8a7c3cb0a0ceac971f7df75ba3157036dbf3f	complete Git bundle (secret-pattern audited)
git-workstation-nn-gpt_runtime_test-all.bundle	git/workstation/nn-gpt_runtime_test/nn-gpt_runtime_test-all.bundle	13816064	9e91fdb45f5ef0ea52b8df17a256983cd00359507cd9296b6367c91ae51625ae	complete Git bundle (secret-pattern audited)
git-workstation-nn-gpt_exp-all.bundle	git/workstation/nn-gpt_exp/nn-gpt_exp-all.bundle	17945115	b1cf33b8b241867c39bb07f6a9b55481a52c77003478075cdaf7c15029c77a9d	complete Git bundle (secret-pattern audited)
