Component,Source file,Source symbol/constant,Raw source value,Applicable stage,Scaling multiplier,Cap/clip,Effective value,Logged component field,Current manuscript value,Assessment,Recommended paper value
"Final reward range","ab/gpt/TuneRL.py:4598-4621; ab/gpt/TuneRLSft.py:376-432","_clip then _apply_trainability_clamp and wrapper caps","base sum clip [-2.0,2.0]","stage2/stage3 plus TuneRLSft wrapper","none","wrapper core-format <=-3.0; hygiene <=-2.0/-1.5; missing dual backbone <=-3.5; compactness added after caps","The base component sum is [-2,2], but final logged reward can be below -2 after wrapper adjustments","reward","clipped to [-2.0,2.0]","Incorrect as a final range","Base TuneRL sum clipped to [-2,2]; wrapper-level contract and compactness adjustments can produce final logged rewards below -2"
"Dense target term","ab/gpt/TuneRL.py:352,366,4231-4235","STAGE2_DENSE_SCALE / STAGE3_DENSE_SCALE","0.50 / 0.70","stage2 / stage3","0.50 / 0.70","inner clip [0.02,0.35]","scale * clip(0.03 + 0.28*reward_target + 0.04*max(0,train_acc-0.50),0.02,0.35)","r_dense","scale 0.50; inner term clipped to [0.02,0.22]","Incorrect clip; stage-specific scale omitted","Raw: stage2 scale 0.50, stage3 scale 0.70; inner clip [0.02,0.35]"
"Formal-success bonus","ab/gpt/TuneRL.py:204,266,4236-4239","FORMAL_SUCCESS_SIGNAL_BONUS + TARGET_STRUCTURE_MATCH_BONUS","0.08 + conditional 0.20","stage2/stage3 formal candidate","1.0","none","0.08 if formal success; 0.28 if formal success and target_structure_match is not False","r_formal_success_signal","+0.02","Incorrect","+0.08 formal-success signal; +0.20 when target_structure_match is not False; combined +0.28 when both apply"
"Group improvement","ab/gpt/TuneRL.py:353-357,367-371,4244-4283","STAGE2_PREV_GROUP_SCALE / STAGE2_BEST_GROUP_SCALE / STAGE2_BACKBONE_PREV_GROUP_SCALE / STAGE2_BACKBONE_BEST_GROUP_SCALE","stage2 0.20/0.20 and 0.25/0.25; stage3 1.10/1.10 and 1.20/1.15","stage2 / stage3","global group terms additionally multiplied by global_baseline_blend 0.20/0.25 when a backbone baseline exists","prev delta clip [-1.8,1.8]; best delta clip [-1.2,1.2]","data-dependent; no single effective scalar","r_prev_group; r_best_group; r_prev_backbone_group; r_best_backbone_group","group scale 0.70; backbone-group scale 0.95","Incorrect for main stage2 and mixes no identifiable constants","Report stage2 raw scales 0.20/0.20 and backbone 0.25/0.25; show formulas or separate stage3 values"
"No-progress penalty","ab/gpt/TuneRL.py:205,363,377,4300-4305","NO_PROGRESS_PENALTY * stage no_progress_scale","-0.06","stage2 / stage3","0.50 / 1.15","none","stage2 -0.03; stage3 -0.069 when condition holds","r_no_progress_penalty","0.50 * (-0.06)","Correct for stage2 only","Raw -0.06; effective stage2 -0.03, stage3 -0.069"
"Generalization penalty","ab/gpt/TuneRL.py:210-212,4306-4312","GENERALIZATION_GAP_TOLERANCE / GENERALIZATION_PENALTY_SCALE / GENERALIZATION_PENALTY_CAP","0.02 / 2.0 / -0.20","stage2/stage3 formal result","-2.0 * excess gap","[-0.20,0.0]","clip(-2*(train-test-0.02)_+,-0.20,0)","r_generalization","-2.0 * gap, capped at -0.20 after tolerance 0.02","Correct","Tolerance 0.02; -2.0 times excess frozen train-test gap; lower cap -0.20"
"Descriptor diversity","ab/gpt/TuneRL.py:299-312,4327-4381","STAGE23_DESCRIPTOR_*","batch unique +0.03; archive novel +0.02; global novel +0.08; non-dominant +0.06; repeat constants -0.015/-0.05, -0.006/-0.03, global >=-0.025, dominant -0.03/-0.05","stage2/stage3","none (this component is not multiplied by structure_scale)","positive terms later quality-gated; component sum has no single final clamp","data-dependent sum; combined raw extremes are not represented by one constant","r_descriptor_diversity; global_descriptor_archive_reward","+0.03/+0.02/+0.08; repeat penalties down to -0.10/-0.06","Partly correct bonuses; stated repeat figures do not map to descriptor constants","List individual raw terms; avoid one unsupported 'down to' pair"
"CNN/backbone-CNN diversity","ab/gpt/TuneRL.py:313-321,343-349,4383-4454","STAGE23_CNN_* / STAGE23_GLOBAL_CNN_* / STAGE23_DOMINANT_CNN_*","batch unique +0.07; archive novel +0.05; global novel +0.12; non-dominant +0.08; batch/archive repeat floors -0.07/-0.04; global archive floor -0.06; global dominant -0.08/-0.12; within-backbone dominant -0.04/-0.06","stage2/stage3","none","positive terms later quality-gated; no single component clamp","data-dependent sum","r_cnn_diversity; global_cnn_archive_reward","+0.07/+0.05/+0.12; repeat penalties down to -0.14/-0.08","Bonuses correct; repeat pair mixes or does not map to constants","List the individual repeat floors and dominant-repeat constants"
"Block diversity","ab/gpt/TuneRL.py:322-328,4465-4492","STAGE23_BLOCK_*","batch unique +0.06; archive novel +0.08; batch repeat floor -0.05; archive repeat floor -0.08","stage2/stage3","none","positive terms later quality-gated; repeated-block conditional pre-local-competition cap is 2.0","data-dependent sum","r_block_diversity; block_archive_reward","+0.06 batch unique, +0.18 archive novel; repeat down to -0.12/-0.25","Incorrect: +0.18 and repeat figures do not map to source","Batch unique +0.06; archive novel +0.08; batch repeat floor -0.05; archive repeat floor -0.08"
"Dominant descriptor/CNN repeat","ab/gpt/TuneRL.py:309-312,343-349,4360-4381,4416-4454","STAGE23_DOMINANT_DESCRIPTOR_* / STAGE23_GLOBAL_CNN_REPEAT_* / STAGE23_DOMINANT_CNN_REPEAT_*","descriptor -0.03/-0.05; global CNN -0.08/-0.12; within-backbone CNN -0.04/-0.06","stage2/stage3 after warmup and without quality refresh","none","share thresholds descriptor 0.45/0.60; CNN 0.45/0.65","one applicable penalty is added to its diversity component","r_descriptor_diversity; r_cnn_diversity","descriptor -0.06/-0.10; CNN -0.08/-0.12","Descriptor incorrect; CNN matches global-CNN branch only","Descriptor -0.03/-0.05; label CNN branch explicitly: global -0.08/-0.12 or within-backbone -0.04/-0.06"
"Repeated block cap","ab/gpt/TuneRL.py:328,4640-4684,2834-2881","STAGE23_REPEATED_BLOCK_REWARD_CAP","2.0","stage2/stage3 formal success, repeated block, no quality refresh","none","conditional pre-local-competition upper cap 2.0","min(total_reward,2.0), then _stage23_local_competition_reward runs and clips again to [-2,2]","reward; block_reward_cap_applied","reward capped at 0.20","Incorrect by factor 10","Conditional pre-local-competition upper cap 2.0; do not describe it as a distinct global final-reward cap"
"Format / contract failure","ab/gpt/TuneRLSft.py:330-432","raw_extraction penalties and wrapper caps","per-violation deltas; core format <=-3.0; severe/minor hygiene <=-2.0/-1.5; missing dual backbone <=-3.5","TuneRLSft wrapper after TuneRL base reward","add raw_delta then apply clamp","caps followed by compactness additions and final target gate","data-dependent; can be below -3.5 after compactness","reward; raw_extraction; r_length_compactness; r_repeated_line_penalty","core <=-3.0; severe hygiene <=-2.0; missing dual backbone <=-3.5; forward/shape below zero","Broadly correct but not a complete final-range description","Report wrapper caps and state that later compactness adjustments can further lower logged reward"
