Condition,Seed,Stage,Attempted window,Formal-success N,Family top-1,Family eff.,Family+Block top-1,Family+Block eff.
1pattern,42,SFT-only,all 400 rows in file,367,0.9673024523160763,1.1548812863780262,0.2670299727520436,15.397438709758429
1pattern,123,SFT-only,all 400 rows in file,367,0.9645776566757494,1.187793833210298,0.28337874659400547,13.744157363252462
1pattern,777,SFT-only,all 400 rows in file,353,0.9631728045325779,1.1941853171747545,0.254957507082153,16.75011305494363
4pattern,42,SFT-only,all 400 rows in file,398,0.3015075376884422,3.939966836842404,0.01507537688442211,243.41686990881595
4pattern,123,SFT-only,all 400 rows in file,397,0.30730478589420657,4.082227400852246,0.022670025188916875,243.71647822509496
4pattern,777,SFT-only,all 400 rows in file,399,0.2982456140350877,4.095900379104709,0.012531328320802004,242.91370059655745
1pattern,42,post-RL,file-order rows 701-800 (last 100 of 800),91,1.0,1.0,0.08791208791208792,52.47933267818359
1pattern,123,post-RL,file-order rows 701-800 (last 100 of 800),100,1.0,1.0,0.32,4.362209961779034
1pattern,777,post-RL,file-order rows 701-800 (last 100 of 800),99,0.5555555555555556,2.188345144133069,0.13131313131313133,30.824650727487168
4pattern,42,post-RL,file-order rows 701-800 (last 100 of 800),100,1.0,1.0,0.06,47.95020870750575
4pattern,123,post-RL,file-order rows 701-800 (last 100 of 800),96,0.40625,4.326782981703946,0.0625,54.157351678628565
4pattern,777,post-RL,file-order rows 701-800 (last 100 of 800),98,0.5918367346938775,2.6403591353610456,0.10204081632653061,24.509458456496066
