run_id	cohort	status	tar_members	canonical_candidate_rows	canonical_rows_with_test_acc	json_errors	run_config_files	eval_or_result_files	stage_adapter_saved	job_ids	code_commit
20260612_4pattern_a18_cifar10_e5_p3500_c1200_s100_h100x4_shared_full_full_reward_seed123	primary_cifar10	retained	644	800	776	0	1	0	True	2697840	c91714dbe7dad1d02a9080243945bbf8e8ec9300
20260612_4pattern_a18_cifar10_e5_p3500_c1200_s100_l40s_excl_full_full_reward_seed42	primary_cifar10	retained	718	800	783	0	1	0	True	2697817	c91714dbe7dad1d02a9080243945bbf8e8ec9300
20260612_4pattern_a18_cifar10_e5_p3500_c1200_s100_l40s_excl_full_full_reward_seed777	primary_cifar10	retained	1060	800	771	0	1	0	True	2697842	c91714dbe7dad1d02a9080243945bbf8e8ec9300
20260618_1pattern_a9_cifar10_e5_p3500_c1200_s100_h100x4_shared_full_full_reward_seed123	primary_cifar10	retained	332	800	777	0	1	0	True	2723085	c91714dbe7dad1d02a9080243945bbf8e8ec9300
20260618_1pattern_a9_cifar10_e5_p3500_c1200_s100_h100x4_shared_full_full_reward_seed42	primary_cifar10	retained	444	800	765	0	1	0	True	2723084	c91714dbe7dad1d02a9080243945bbf8e8ec9300
20260618_1pattern_a9_cifar10_e5_p3500_c1200_s100_h100x4_shared_full_full_reward_seed777	primary_cifar10	retained	366	800	748	0	1	0	True	2723086	c91714dbe7dad1d02a9080243945bbf8e8ec9300
20260627_1pattern_a9_cifar10_e5_p3500_c1200_s100_h100x4_shared_full_full_reward_seed114	primary_cifar10	retained	140	800	637	0	1	0	True	2776908	c91714dbe7dad1d02a9080243945bbf8e8ec9300
20260627_1pattern_a9_cifar10_e5_p3500_c1200_s100_h100x4_shared_full_full_reward_seed514	primary_cifar10	retained	84	800	766	0	1	0	True	2776910	c91714dbe7dad1d02a9080243945bbf8e8ec9300
20260627_1pattern_a9_cifar10_e5_p3500_c1200_s100_h100x4_shared_full_full_reward_seed919	primary_cifar10	retained	84	800	727	0	1	0	True	2777842	c91714dbe7dad1d02a9080243945bbf8e8ec9300
20260627_4pattern_a18_cifar10_e5_p3500_c1200_s100_h100x4_shared_full_full_reward_seed114	primary_cifar10	retained	72	800	4	0	1	0	True	2776904	c91714dbe7dad1d02a9080243945bbf8e8ec9300
20260627_4pattern_a18_cifar10_e5_p3500_c1200_s100_h100x4_shared_full_full_reward_seed514	primary_cifar10	retained	152	800	657	0	1	0	True	2776906	c91714dbe7dad1d02a9080243945bbf8e8ec9300
20260627_4pattern_a18_cifar10_e5_p3500_c1200_s100_h100x4_shared_full_full_reward_seed919	primary_cifar10	retained	204	800	621	0	1	0	True	2777817	c91714dbe7dad1d02a9080243945bbf8e8ec9300
20260612_4pattern_a18_cifar10_e5_p3500_c1200_s100_h100x4_shared_ablation_no_diversity_bonus_seed42	external_cohort	retained	896	800	767	0	1	0	True	2697779	c91714dbe7dad1d02a9080243945bbf8e8ec9300
20260612_4pattern_a18_cifar10_e5_p3500_c1200_s100_l40s_excl_ablation_no_repeat_penalty_seed42	external_cohort	retained	602	800	715	0	1	0	True	2697849	c91714dbe7dad1d02a9080243945bbf8e8ec9300
20260623_4pattern_a18_cifar10_e5_p3500_c1200_s100_h100x4_ablation_extra_no_diversity_bonus_seed123	external_cohort	retained_result_slurm_failed	603	800	779	0	1	0	True	2751655	c91714dbe7dad1d02a9080243945bbf8e8ec9300
20260623_4pattern_a18_cifar10_e5_p3500_c1200_s800_h100x4_ablation_extra_no_repeat_penalty_seed123	external_cohort	retained	514	800	791	0	1	0	True	2755237	c91714dbe7dad1d02a9080243945bbf8e8ec9300
20260624_1756_4pattern_a18_cifar10_e5_p3500_c1200_s800_h100x4_ablation_extra_no_diversity_bonus_seed777	external_cohort	retained	752	800	766	0	1	0	True	2760934	c91714dbe7dad1d02a9080243945bbf8e8ec9300
20260625_1535_4pattern_a18_cifar10_e5_p3500_c1200_s800_h100x8_ablation_extra_no_repeat_penalty_seed777	external_cohort	retained	1102	800	765	0	1	0	True	2771489	c91714dbe7dad1d02a9080243945bbf8e8ec9300
20260704_qwen_cifar10_e5_seed123	external_cohort	retained	76	800	737	0	1	0	True	2791928	3c4843f5ea2b621984a0d0bbb945dbd198afae0e
20260704_qwen_cifar10_e5_seed42	external_cohort	retained	76	800	781	0	1	0	True	2791927	3c4843f5ea2b621984a0d0bbb945dbd198afae0e
20260704_qwen_cifar10_e5_seed777	external_cohort	retained	86	800	723	0	1	0	True	2791929,2793551,2793555,2793568	3c4843f5ea2b621984a0d0bbb945dbd198afae0e
20260704_qwen_cifar10_e5_seed777_backup_before_resume_20260705_1117	external_cohort	timed_out_segment_backup	66	760	684	0	1	0	True	2791929,2793551	3c4843f5ea2b621984a0d0bbb945dbd198afae0e
20260718_1pattern_a9_cifar100_e5_p3500_c1200_s100_h100x4_shared_full_reward_seed42	external_cohort	retained	502	800	762	0	1	0	True	2866647	64c54fb1f41d7ca253d319df62658c951ed112a7
20260723_1pattern_a9_cifar100_e5_p3500_c1200_s100_h100x4_shared_full_reward_seed123_rerun	external_cohort	retained	150	800	772	0	1	0	True	2943044	64c54fb1f41d7ca253d319df62658c951ed112a7
20260723_1pattern_a9_cifar100_e5_p3500_c1200_s100_h100x4_shared_full_reward_seed777	external_cohort	retained	382	800	737	0	1	0	True	2944149	64c54fb1f41d7ca253d319df62658c951ed112a7
20260726_4pattern_a18_cifar100_e5_p3500_c1200_s100_h100x4_shared_full_reward_seed123	external_cohort	retained	904	944	804	0	1	0	True	2960909,2968441,3043791	64c54fb1f41d7ca253d319df62658c951ed112a7
20260726_4pattern_a18_cifar100_e5_p3500_c1200_s100_h100x4_shared_full_reward_seed42	external_cohort	retained	814	909	798	0	1	0	True	2960907,2968439,3043789	64c54fb1f41d7ca253d319df62658c951ed112a7
20260726_4pattern_a18_cifar100_e5_p3500_c1200_s100_h100x4_shared_full_reward_seed777	external_cohort	retained	882	800	726	0	1	0	True	2960911,2968443,3043793,3045381	64c54fb1f41d7ca253d319df62658c951ed112a7
20260728_sftonly_cifar10_e5_1pattern_seed123	sft_only	retained	461	400	367	0	67	454	False	3043782,3044104	64c54fb1f41d7ca253d319df62658c951ed112a7
20260728_sftonly_cifar10_e5_1pattern_seed42	sft_only	retained	118	400	367	0	18	61	False	3043612,3043620,3043621,3043622,3043623,3043624,3043625,3043626,3044074,3044075,3044076,3044077,3044078,3044079,3044080,3044081,3044082,3044083	64c54fb1f41d7ca253d319df62658c951ed112a7
20260728_sftonly_cifar10_e5_1pattern_seed777	sft_only	retained	118	400	353	0	18	61	False	3043645,3043646,3043647,3043648,3043649,3043650,3043651,3043652,3044084,3044085,3044086,3044087,3044088,3044089,3044090,3044091,3044092,3044093	64c54fb1f41d7ca253d319df62658c951ed112a7
20260728_sftonly_cifar10_e5_4pattern_seed123	sft_only	retained	136	400	397	0	17	117	False	3043774,3043775,3043776,3043777,3043778,3043779,3043780,3044105	64c54fb1f41d7ca253d319df62658c951ed112a7
20260728_sftonly_cifar10_e5_4pattern_seed42	sft_only	retained	122	400	398	0	18	61	False	3043697,3043698,3043699,3043700,3043701,3043702,3043703,3043704,3043943,3043944,3044094,3044095,3044096,3044097,3044098,3044099,3044100,3044101,3044102,3044103	64c54fb1f41d7ca253d319df62658c951ed112a7
20260728_sftonly_cifar10_e5_4pattern_seed777	sft_only	retained	126	400	399	0	17	122	False	3044106	64c54fb1f41d7ca253d319df62658c951ed112a7
20260608_1345_article_B_single_dual_imagenette	proxy_or_dual	retained	14	0	0	0	1	8	False	2674786	90b868a049a4acc154559011f688196b594395de
20260703_proxy_top20_unfrozen20_standard	proxy_or_dual	retained	266	0	0	0	0	20	False	2791300,2791320,2791340,2791360,2791380,2791401	
20260727_proxy_wide38_unfrozen20_standard	proxy_or_dual	retained	198	0	0	0	0	38	False	2968450,2968490,2968494	
20260607_1455_gen30min32_formal100_dsqwenolympic	paper_auxiliary	reported	84	0	0	0	13	42	False	2670360,2670361,2670362,2670363,2670364,2670365,2670366,2670367,2670368,2670697,2670698,2670699,2670701,2670702,2670703,2670742,2670743,2670744,2671550	c9276599c8dd1df4def862b21dd3a766638bccd5
20260608_1345_article_A_epoch1_epoch10	paper_auxiliary	reported	8	0	0	0	1	2	False	2674051	261bf21b7b90339f2d67e8981521e42b6ce0251b
20260609_1020_article_A_epoch1_epoch10_remaining88	paper_auxiliary	reported	13	0	0	0	1	6	False	2680441,2680504	c91714dbe7dad1d02a9080243945bbf8e8ec9300
20260623_rc_sampler_cifar10_e1_heldout_test_h100x3_reuse100	paper_auxiliary	reported	8	0	0	0	1	6	False	2752475	c91714dbe7dad1d02a9080243945bbf8e8ec9300
20260623_rc_sampler_cifar10_e5_heldout_test_l40s_reuse100	paper_auxiliary	reported	8	0	0	0	1	6	False	2751692	c91714dbe7dad1d02a9080243945bbf8e8ec9300
20260622_current_sftonly_baseline100_e1	paper_auxiliary	reported	14	0	0	0	2	1	False	2741594,2741595	c91714dbe7dad1d02a9080243945bbf8e8ec9300
20260622_current_sftonly_rlafter_combined_eval400_e1_seed42	paper_auxiliary	reported	3	0	0	0	0	1	False		
20260605_0925_dscoder_imagenette_h100	paper_auxiliary	historical_usable	1135	1000	980	0	1	0	True	2666209	c9276599c8dd1df4def862b21dd3a766638bccd5
