job_id	allocation_rows	allocated_gpu_seconds	allocated_gpu_hours
2791927	1	156500	43.4722222222
2791928	1	328300	91.1944444444
2791929	1	345716	96.0322222222
2793568	1	15356	4.2655555556
2866647	1	257536	71.5377777778
2943044	1	175096	48.6377777778
2944149	1	325872	90.5200000000
2960907	3	78476	21.7988888889
2968439	4	169996	47.2211111111
3043789	1	77912	21.6422222222
2960909	3	97020	26.9500000000
2968441	4	112796	31.3322222222
3043791	1	71924	19.9788888889
2960911	3	90656	25.1822222222
2968443	4	86556	24.0433333333
3043793	1	90408	25.1133333333
2697779	1	244280	67.8555555556
2697849	1	453864	126.0733333333
2751655	1	249616	69.3377777778
2755237	1	234008	65.0022222222
2760934	1	286936	79.7044444444
2771489	1	308536	85.7044444444
TOTAL	37	4257360	1182.6000000000
