bundle	bundle_verify_ok	list_heads_ok	c917_ref_present
git/nn-dataset/julia2-nn-dataset-all.bundle	True	True	False
git/nn-dataset/nn-dataset-all.bundle	True	True	False
git/nn-gpt/julia2-nn-gpt-all.bundle	True	True	True
git/nn-gpt/nn-gpt-all.bundle	True	True	True
git/workstation/nn-dataset/nn-dataset-all.bundle	True	True	False
git/workstation/nn-gpt_backupOnly/nn-gpt_backupOnly-all.bundle	True	True	False
git/workstation/nn-gpt_exp/nn-gpt_exp-all.bundle	True	True	False
git/workstation/nn-gpt_main_run/nn-gpt_main_run-all.bundle	True	True	False
git/workstation/nn-gpt_runtime_test/nn-gpt_runtime_test-all.bundle	True	True	False
