run_id	cohort	status	reason
20260612_4pattern_a18_cifar10_e5_p3500_c1200_s100_h100x4_shared_full_full_reward_seed123	primary_cifar10	retained	Faraz 8030 candidate grid and paper primary cohort
20260612_4pattern_a18_cifar10_e5_p3500_c1200_s100_l40s_excl_full_full_reward_seed42	primary_cifar10	retained	Faraz 8030 candidate grid and paper primary cohort
20260612_4pattern_a18_cifar10_e5_p3500_c1200_s100_l40s_excl_full_full_reward_seed777	primary_cifar10	retained	Faraz 8030 candidate grid and paper primary cohort
20260618_1pattern_a9_cifar10_e5_p3500_c1200_s100_h100x4_shared_full_full_reward_seed123	primary_cifar10	retained	Faraz 8030 candidate grid and paper primary cohort
20260618_1pattern_a9_cifar10_e5_p3500_c1200_s100_h100x4_shared_full_full_reward_seed42	primary_cifar10	retained	Faraz 8030 candidate grid and paper primary cohort
20260618_1pattern_a9_cifar10_e5_p3500_c1200_s100_h100x4_shared_full_full_reward_seed777	primary_cifar10	retained	Faraz 8030 candidate grid and paper primary cohort
20260627_1pattern_a9_cifar10_e5_p3500_c1200_s100_h100x4_shared_full_full_reward_seed114	primary_cifar10	retained	Faraz 8030 candidate grid and paper primary cohort
20260627_1pattern_a9_cifar10_e5_p3500_c1200_s100_h100x4_shared_full_full_reward_seed514	primary_cifar10	retained	Faraz 8030 candidate grid and paper primary cohort
20260627_1pattern_a9_cifar10_e5_p3500_c1200_s100_h100x4_shared_full_full_reward_seed919	primary_cifar10	retained	Faraz 8030 candidate grid and paper primary cohort
20260627_4pattern_a18_cifar10_e5_p3500_c1200_s100_h100x4_shared_full_full_reward_seed114	primary_cifar10	retained	Faraz 8030 candidate grid and paper primary cohort
20260627_4pattern_a18_cifar10_e5_p3500_c1200_s100_h100x4_shared_full_full_reward_seed514	primary_cifar10	retained	Faraz 8030 candidate grid and paper primary cohort
20260627_4pattern_a18_cifar10_e5_p3500_c1200_s100_h100x4_shared_full_full_reward_seed919	primary_cifar10	retained	Faraz 8030 candidate grid and paper primary cohort
20260612_4pattern_a18_cifar10_e5_p3500_c1200_s100_h100x4_shared_ablation_no_diversity_bonus_seed42	external_cohort	retained	Faraz Sep 21 15-run accounting or Qwen continuation backup
20260612_4pattern_a18_cifar10_e5_p3500_c1200_s100_l40s_excl_ablation_no_repeat_penalty_seed42	external_cohort	retained	Faraz Sep 21 15-run accounting or Qwen continuation backup
20260623_4pattern_a18_cifar10_e5_p3500_c1200_s100_h100x4_ablation_extra_no_diversity_bonus_seed123	external_cohort	retained_result_slurm_failed	Faraz Sep 21 15-run accounting or Qwen continuation backup
20260623_4pattern_a18_cifar10_e5_p3500_c1200_s800_h100x4_ablation_extra_no_repeat_penalty_seed123	external_cohort	retained	Faraz Sep 21 15-run accounting or Qwen continuation backup
20260624_1756_4pattern_a18_cifar10_e5_p3500_c1200_s800_h100x4_ablation_extra_no_diversity_bonus_seed777	external_cohort	retained	Faraz Sep 21 15-run accounting or Qwen continuation backup
20260625_1535_4pattern_a18_cifar10_e5_p3500_c1200_s800_h100x8_ablation_extra_no_repeat_penalty_seed777	external_cohort	retained	Faraz Sep 21 15-run accounting or Qwen continuation backup
20260704_qwen_cifar10_e5_seed123	external_cohort	retained	Faraz Sep 21 15-run accounting or Qwen continuation backup
20260704_qwen_cifar10_e5_seed42	external_cohort	retained	Faraz Sep 21 15-run accounting or Qwen continuation backup
20260704_qwen_cifar10_e5_seed777	external_cohort	retained	Faraz Sep 21 15-run accounting or Qwen continuation backup
20260704_qwen_cifar10_e5_seed777_backup_before_resume_20260705_1117	external_cohort	timed_out_segment_backup	Faraz Sep 21 15-run accounting or Qwen continuation backup
20260718_1pattern_a9_cifar100_e5_p3500_c1200_s100_h100x4_shared_full_reward_seed42	external_cohort	retained	Faraz Sep 21 15-run accounting or Qwen continuation backup
20260723_1pattern_a9_cifar100_e5_p3500_c1200_s100_h100x4_shared_full_reward_seed123_rerun	external_cohort	retained	Faraz Sep 21 15-run accounting or Qwen continuation backup
20260723_1pattern_a9_cifar100_e5_p3500_c1200_s100_h100x4_shared_full_reward_seed777	external_cohort	retained	Faraz Sep 21 15-run accounting or Qwen continuation backup
20260726_4pattern_a18_cifar100_e5_p3500_c1200_s100_h100x4_shared_full_reward_seed123	external_cohort	retained	Faraz Sep 21 15-run accounting or Qwen continuation backup
20260726_4pattern_a18_cifar100_e5_p3500_c1200_s100_h100x4_shared_full_reward_seed42	external_cohort	retained	Faraz Sep 21 15-run accounting or Qwen continuation backup
20260726_4pattern_a18_cifar100_e5_p3500_c1200_s100_h100x4_shared_full_reward_seed777	external_cohort	retained	Faraz Sep 21 15-run accounting or Qwen continuation backup
20260728_sftonly_cifar10_e5_1pattern_seed123	sft_only	retained	Faraz Aug 08 six-condition SFT-only package
20260728_sftonly_cifar10_e5_1pattern_seed42	sft_only	retained	Faraz Aug 08 six-condition SFT-only package
20260728_sftonly_cifar10_e5_1pattern_seed777	sft_only	retained	Faraz Aug 08 six-condition SFT-only package
20260728_sftonly_cifar10_e5_4pattern_seed123	sft_only	retained	Faraz Aug 08 six-condition SFT-only package
20260728_sftonly_cifar10_e5_4pattern_seed42	sft_only	retained	Faraz Aug 08 six-condition SFT-only package
20260728_sftonly_cifar10_e5_4pattern_seed777	sft_only	retained	Faraz Aug 08 six-condition SFT-only package
20260608_1345_article_B_single_dual_imagenette	proxy_or_dual	retained	paper top20 wide38 proxy or dual-backbone evaluation
20260703_proxy_top20_unfrozen20_standard	proxy_or_dual	retained	paper top20 wide38 proxy or dual-backbone evaluation
20260727_proxy_wide38_unfrozen20_standard	proxy_or_dual	retained	paper top20 wide38 proxy or dual-backbone evaluation
20260607_1455_gen30min32_formal100_dsqwenolympic	paper_auxiliary	reported	Faraz Sep 26 dual source and 3x3 heldout source
20260608_1345_article_A_epoch1_epoch10	paper_auxiliary	reported	paper one-vs-ten-epoch reevaluation
20260609_1020_article_A_epoch1_epoch10_remaining88	paper_auxiliary	reported	paper remaining 88 one-vs-ten-epoch reevaluation
20260623_rc_sampler_cifar10_e1_heldout_test_h100x3_reuse100	paper_auxiliary	reported	paper rule-constrained sampler 1-epoch heldout
20260623_rc_sampler_cifar10_e5_heldout_test_l40s_reuse100	paper_auxiliary	reported	paper rule-constrained sampler 5-epoch heldout
20260622_current_sftonly_baseline100_e1	paper_auxiliary	reported	independent generation one-epoch audit source; local Faraz raw package contains results
20260622_current_sftonly_rlafter_combined_eval400_e1_seed42	paper_auxiliary	reported	independent generation RL-after one-epoch audit source; local Faraz raw package contains results
20260605_0925_dscoder_imagenette_h100	paper_auxiliary	historical_usable	Faraz Sep 26 Imagenette reply; completed 1000-row learned one-pattern example
