run_id	raw_rows	formal_success_candidate_rows	rows_with_numeric_test_acc	json_errors
20260612_4pattern_a18_cifar10_e5_p3500_c1200_s100_h100x4_shared_full_full_reward_seed123	800	776	776	0
20260627_1pattern_a9_cifar10_e5_p3500_c1200_s100_h100x4_shared_full_full_reward_seed514	800	766	766	0
20260627_4pattern_a18_cifar10_e5_p3500_c1200_s100_h100x4_shared_full_full_reward_seed114	800	4	4	0
20260618_1pattern_a9_cifar10_e5_p3500_c1200_s100_h100x4_shared_full_full_reward_seed42	800	765	765	0
20260618_1pattern_a9_cifar10_e5_p3500_c1200_s100_h100x4_shared_full_full_reward_seed123	800	777	777	0
20260627_4pattern_a18_cifar10_e5_p3500_c1200_s100_h100x4_shared_full_full_reward_seed919	800	621	621	0
20260612_4pattern_a18_cifar10_e5_p3500_c1200_s100_l40s_excl_full_full_reward_seed42	800	782	783	0
20260618_1pattern_a9_cifar10_e5_p3500_c1200_s100_h100x4_shared_full_full_reward_seed777	800	748	748	0
20260612_4pattern_a18_cifar10_e5_p3500_c1200_s100_l40s_excl_full_full_reward_seed777	800	771	771	0
20260627_1pattern_a9_cifar10_e5_p3500_c1200_s100_h100x4_shared_full_full_reward_seed114	800	637	637	0
20260627_1pattern_a9_cifar10_e5_p3500_c1200_s100_h100x4_shared_full_full_reward_seed919	800	727	727	0
20260627_4pattern_a18_cifar10_e5_p3500_c1200_s100_h100x4_shared_full_full_reward_seed514	800	656	657	0
TOTAL	9600	8030	8032	0
