job_id,state,elapsed_seconds,allocated_gpus,start,end,exit_code
2960907,PREEMPTED,19502,4,2026-07-26T08:19:33,2026-07-26T13:44:35,0:0
2960909,PREEMPTED,24255,4,2026-07-26T09:14:46,2026-07-26T15:59:01,0:0
2960911,PREEMPTED,22664,4,2026-07-26T09:49:39,2026-07-26T16:07:23,0:0
2960907,PREEMPTED,94,4,2026-07-26T16:13:51,2026-07-26T16:15:25,0:0
2960909,REQUEUED,0,4,2026-07-26T16:15:25,2026-07-26T16:15:25,0:0
2960911,REQUEUED,0,4,2026-07-26T16:15:25,2026-07-26T16:15:25,0:0
2960907,FAILED,23,4,2026-07-26T16:18:00,2026-07-26T16:18:23,1:0
2960909,CANCELLED by 221940,0,0,None,2026-07-27T05:04:29,0:0
2960911,CANCELLED by 221940,0,0,None,2026-07-27T05:04:29,0:0
2968439,PREEMPTED,36101,4,2026-07-27T06:30:59,2026-07-27T16:32:40,0:0
2968441,PREEMPTED,23372,4,2026-07-27T10:04:30,2026-07-27T16:34:02,0:0
2968443,PREEMPTED,17815,4,2026-07-27T11:51:50,2026-07-27T16:48:45,0:0
2968439,PREEMPTED,6398,4,2026-07-27T16:48:51,2026-07-27T18:35:29,0:0
2968441,PREEMPTED,4825,4,2026-07-27T17:30:21,2026-07-27T18:50:46,0:0
2968443,PREEMPTED,3824,4,2026-07-27T17:53:32,2026-07-27T18:57:16,0:0
2968439,REQUEUED,0,4,2026-07-28T09:19:44,2026-07-28T09:19:44,0:0
2968441,PREEMPTED,0,4,2026-07-28T09:19:44,2026-07-28T09:19:44,0:0
2968443,REQUEUED,0,4,2026-07-28T09:19:44,2026-07-28T09:19:44,0:0
2968439,CANCELLED by 221940,0,0,None,2026-08-07T09:37:42,0:0
2968441,FAILED,2,4,2026-07-28T09:21:45,2026-07-28T09:21:47,0:53
2968443,CANCELLED by 221940,0,0,None,2026-08-07T09:37:42,0:0
3043789,FAILED,19478,4,2026-08-07T11:04:52,2026-08-07T16:29:30,1:0
3043791,FAILED,17981,4,2026-08-07T11:29:48,2026-08-07T16:29:29,1:0
3043793,FAILED,22602,4,2026-08-07T11:29:49,2026-08-07T17:46:31,1:0
