cohort,condition,seed,job_id,job_id_raw,job_name,partition,gpu_type,gpu_count,state,elapsed_seconds,elapsed,node,exit_code,gpu_hours,overlaps_six_seed_cifar10,notes
"reward_ablation","no_diversity_bonus","42","2697779","2697779","abl-no_diversity_bonus-s42","h100","H100","4","COMPLETED","61070","16:57:50","jnultra02","0:0","67.855556","no",""
"reward_ablation","full_reward","42","2697817","2697817","abl-full_reward-s42","gpu_computervision_long","L40S","4","COMPLETED","140826","1-15:07:06","jnfat05","0:0","156.473333","yes","already counted in the six-seed CIFAR-10 cohort"
"reward_ablation","full_reward","123","2697840","2697840","abl-full_reward-s123","h100","H100","4","COMPLETED","78180","21:43:00","jnultra01","0:0","86.866667","yes","already counted in the six-seed CIFAR-10 cohort"
"reward_ablation","full_reward","777","2697842","2697842","abl-full_reward-s777","gpu_computervision_long","L40S","4","COMPLETED","177723","2-01:22:03","jnfat06","0:0","197.470000","yes","already counted in the six-seed CIFAR-10 cohort"
"reward_ablation","no_repeat_penalty","42","2697849","2697849","abl-no_repeat_penalty-s42","gpu_computervision_long","L40S","4","COMPLETED","113466","1-07:31:06","jnfat04","0:0","126.073333","no",""
"reward_ablation","no_diversity_bonus","123","2751655","2751655","abl-no_diversity_bonus-s123","h100","H100","4","FAILED","62404","17:20:04","jnultra02","1:0","69.337778","no","manual aligned stop after 800 usable rows; Slurm state FAILED/exit 1:0 retained as the final useful condition job"
"reward_ablation","no_repeat_penalty","123","2755237","2755237","abl-no_repeat_penalty-s123","h100","H100","4","COMPLETED","58502","16:15:02","jnultra02","0:0","65.002222","no",""
"reward_ablation","no_diversity_bonus","777","2760934","2760934","abl-no_diversity_bonus-s777","h100","H100","4","COMPLETED","71734","19:55:34","jnultra02","0:0","79.704444","no",""
"reward_ablation","no_repeat_penalty","777","2771489","2771489","abl-no_repeat_penalty-s777","h100","H100","8","COMPLETED","38567","10:42:47","jnultra02","0:0","85.704444","no",""
"qwen_cifar10","full_reward","42","2791927","2791927","qwen-c10-e5-s42","h100","H100","4","COMPLETED","39125","10:52:05","jnultra01","0:0","43.472222","no",""
"qwen_cifar10","full_reward","123","2791928","2791928","qwen-c10-e5-s123","h100","H100","4","COMPLETED","82075","22:47:55","jnultra01","0:0","91.194444","no",""
"qwen_cifar10","full_reward","777","2791929","2791929","qwen-c10-e5-s777","h100","H100","4","TIMEOUT","86429","1-00:00:29","jnultra02","0:0","96.032222","no","seed777 initial segment timed out at 760/800 and continues in job 2793568"
"qwen_cifar10","full_reward","777","2793568","2793568","qwen-c10-e5-s777-resume","h100","H100","4","COMPLETED","3839","01:03:59","jnultra02","0:0","4.265556","no","seed777 continuation to 800/800"
"cifar100_1pattern","full_reward","42","2866647","2866647","rl-1p-c100-s42","h100","H100","4","COMPLETED","64384","17:53:04","jnultra02","0:0","71.537778","no",""
"cifar100_1pattern","full_reward","123","2943044","2943044","rl-1p-c100-s123-rerun","h100","H100","4","COMPLETED","43774","12:09:34","jnultra02","0:0","48.637778","no",""
"cifar100_1pattern","full_reward","777","2944149","2944149","rl-1p-c100-s777","h100","H100","4","COMPLETED","81468","22:37:48","jnultra02","0:0","90.520000","no",""
"proxy_retraining","top20_unfrozen20","","2791401_0","2791402","proxy-unf20","standard","L40","1","COMPLETED","3411","00:56:51","jn007","0:0","0.947500","no","successful final array used by the earlier manuscript proxy analysis"
"proxy_retraining","top20_unfrozen20","","2791401_1","2791403","proxy-unf20","standard","L40","1","COMPLETED","5980","01:39:40","jn101","0:0","1.661111","no","successful final array used by the earlier manuscript proxy analysis"
"proxy_retraining","top20_unfrozen20","","2791401_2","2791404","proxy-unf20","standard","L40S","1","COMPLETED","4566","01:16:06","jnfat01","0:0","1.268333","no","successful final array used by the earlier manuscript proxy analysis"
"proxy_retraining","top20_unfrozen20","","2791401_3","2791405","proxy-unf20","standard","L40S","1","COMPLETED","3736","01:02:16","jnfat08","0:0","1.037778","no","successful final array used by the earlier manuscript proxy analysis"
"proxy_retraining","top20_unfrozen20","","2791401_4","2791406","proxy-unf20","standard","L40S","1","COMPLETED","3425","00:57:05","jnfat09","0:0","0.951389","no","successful final array used by the earlier manuscript proxy analysis"
"proxy_retraining","top20_unfrozen20","","2791401_5","2791407","proxy-unf20","standard","L40","1","COMPLETED","4381","01:13:01","jn009","0:0","1.216944","no","successful final array used by the earlier manuscript proxy analysis"
"proxy_retraining","top20_unfrozen20","","2791401_6","2791408","proxy-unf20","standard","L40","1","COMPLETED","2943","00:49:03","jn015","0:0","0.817500","no","successful final array used by the earlier manuscript proxy analysis"
"proxy_retraining","top20_unfrozen20","","2791401_7","2791409","proxy-unf20","standard","L40S","1","COMPLETED","4701","01:18:21","jnfat09","0:0","1.305833","no","successful final array used by the earlier manuscript proxy analysis"
"proxy_retraining","top20_unfrozen20","","2791401_8","2791410","proxy-unf20","standard","L40S","1","COMPLETED","2838","00:47:18","jnfat01","0:0","0.788333","no","successful final array used by the earlier manuscript proxy analysis"
"proxy_retraining","top20_unfrozen20","","2791401_9","2791411","proxy-unf20","standard","L40","1","COMPLETED","3561","00:59:21","jn114","0:0","0.989167","no","successful final array used by the earlier manuscript proxy analysis"
"proxy_retraining","top20_unfrozen20","","2791401_10","2791453","proxy-unf20","standard","L40S","1","COMPLETED","3573","00:59:33","jnfat01","0:0","0.992500","no","successful final array used by the earlier manuscript proxy analysis"
"proxy_retraining","top20_unfrozen20","","2791401_11","2791455","proxy-unf20","standard","L40","1","COMPLETED","4437","01:13:57","jn015","0:0","1.232500","no","successful final array used by the earlier manuscript proxy analysis"
"proxy_retraining","top20_unfrozen20","","2791401_12","2791459","proxy-unf20","standard","L40","1","COMPLETED","1980","00:33:00","jn007","0:0","0.550000","no","successful final array used by the earlier manuscript proxy analysis"
"proxy_retraining","top20_unfrozen20","","2791401_13","2791460","proxy-unf20","standard","L40S","1","COMPLETED","3163","00:52:43","jnfat09","0:0","0.878611","no","successful final array used by the earlier manuscript proxy analysis"
"proxy_retraining","top20_unfrozen20","","2791401_14","2791461","proxy-unf20","standard","L40","1","COMPLETED","2678","00:44:38","jn114","0:0","0.743889","no","successful final array used by the earlier manuscript proxy analysis"
"proxy_retraining","top20_unfrozen20","","2791401_15","2791465","proxy-unf20","standard","L40S","1","COMPLETED","2742","00:45:42","jnfat08","0:0","0.761667","no","successful final array used by the earlier manuscript proxy analysis"
"proxy_retraining","top20_unfrozen20","","2791401_16","2791467","proxy-unf20","standard","L40","1","COMPLETED","1860","00:31:00","jn009","0:0","0.516667","no","successful final array used by the earlier manuscript proxy analysis"
"proxy_retraining","top20_unfrozen20","","2791401_17","2791469","proxy-unf20","standard","L40","1","COMPLETED","1919","00:31:59","jn020","0:0","0.533056","no","successful final array used by the earlier manuscript proxy analysis"
"proxy_retraining","top20_unfrozen20","","2791401_18","2791471","proxy-unf20","standard","L40S","1","COMPLETED","1306","00:21:46","jnfat09","0:0","0.362778","no","successful final array used by the earlier manuscript proxy analysis"
"proxy_retraining","top20_unfrozen20","","2791401_19","2791401","proxy-unf20","standard","L40","1","COMPLETED","7451","02:04:11","jn007","0:0","2.069722","no","successful final array used by the earlier manuscript proxy analysis"
"proxy_retraining","wide38_unfrozen20","","2968494_1","2968495","proxy-wide38","standard","L40S","1","COMPLETED","1460","00:24:20","jnfat02","0:0","0.405556","no","successful final array used by the 20260727 wide-38 package"
"proxy_retraining","wide38_unfrozen20","","2968494_2","2968497","proxy-wide38","standard","L40","1","COMPLETED","1506","00:25:06","jn107","0:0","0.418333","no","successful final array used by the 20260727 wide-38 package"
"proxy_retraining","wide38_unfrozen20","","2968494_3","2968498","proxy-wide38","standard","L40","1","COMPLETED","2015","00:33:35","jn006","0:0","0.559722","no","successful final array used by the 20260727 wide-38 package"
"proxy_retraining","wide38_unfrozen20","","2968494_4","2968500","proxy-wide38","standard","L40","1","COMPLETED","1338","00:22:18","jn010","0:0","0.371667","no","successful final array used by the 20260727 wide-38 package"
"proxy_retraining","wide38_unfrozen20","","2968494_5","2968501","proxy-wide38","standard","L40S","1","COMPLETED","2161","00:36:01","jnfat09","0:0","0.600278","no","successful final array used by the 20260727 wide-38 package"
"proxy_retraining","wide38_unfrozen20","","2968494_6","2968502","proxy-wide38","standard","L40S","1","COMPLETED","1539","00:25:39","jnfat09","0:0","0.427500","no","successful final array used by the 20260727 wide-38 package"
"proxy_retraining","wide38_unfrozen20","","2968494_7","2968503","proxy-wide38","standard","L40S","1","COMPLETED","2441","00:40:41","jnfat09","0:0","0.678056","no","successful final array used by the 20260727 wide-38 package"
"proxy_retraining","wide38_unfrozen20","","2968494_8","2968504","proxy-wide38","standard","L40S","1","COMPLETED","3349","00:55:49","jnfat01","0:0","0.930278","no","successful final array used by the 20260727 wide-38 package"
"proxy_retraining","wide38_unfrozen20","","2968494_9","2968505","proxy-wide38","standard","L40S","1","COMPLETED","1183","00:19:43","jnfat03","0:0","0.328611","no","successful final array used by the 20260727 wide-38 package"
"proxy_retraining","wide38_unfrozen20","","2968494_10","2968506","proxy-wide38","standard","L40S","1","COMPLETED","1179","00:19:39","jnfat03","0:0","0.327500","no","successful final array used by the 20260727 wide-38 package"
"proxy_retraining","wide38_unfrozen20","","2968494_11","2968512","proxy-wide38","standard","L40S","1","COMPLETED","1596","00:26:36","jnfat02","0:0","0.443333","no","successful final array used by the 20260727 wide-38 package"
"proxy_retraining","wide38_unfrozen20","","2968494_12","2968513","proxy-wide38","standard","L40","1","COMPLETED","5523","01:32:03","jn010","0:0","1.534167","no","successful final array used by the 20260727 wide-38 package"
"proxy_retraining","wide38_unfrozen20","","2968494_13","2968515","proxy-wide38","standard","L40","1","COMPLETED","1261","00:21:01","jn107","0:0","0.350278","no","successful final array used by the 20260727 wide-38 package"
"proxy_retraining","wide38_unfrozen20","","2968494_14","2968518","proxy-wide38","standard","L40S","1","COMPLETED","1662","00:27:42","jnfat02","0:0","0.461667","no","successful final array used by the 20260727 wide-38 package"
"proxy_retraining","wide38_unfrozen20","","2968494_15","2968519","proxy-wide38","standard","L40S","1","COMPLETED","1229","00:20:29","jnfat03","0:0","0.341389","no","successful final array used by the 20260727 wide-38 package"
"proxy_retraining","wide38_unfrozen20","","2968494_16","2968521","proxy-wide38","standard","L40S","1","COMPLETED","607","00:10:07","jnfat09","0:0","0.168611","no","successful final array used by the 20260727 wide-38 package"
"proxy_retraining","wide38_unfrozen20","","2968494_17","2968524","proxy-wide38","standard","L40","1","COMPLETED","1179","00:19:39","jn006","0:0","0.327500","no","successful final array used by the 20260727 wide-38 package"
"proxy_retraining","wide38_unfrozen20","","2968494_18","2968529","proxy-wide38","standard","L40S","1","COMPLETED","1210","00:20:10","jnfat09","0:0","0.336111","no","successful final array used by the 20260727 wide-38 package"
"proxy_retraining","wide38_unfrozen20","","2968494_19","2968530","proxy-wide38","standard","L40S","1","COMPLETED","869","00:14:29","jnfat09","0:0","0.241389","no","successful final array used by the 20260727 wide-38 package"
"proxy_retraining","wide38_unfrozen20","","2968494_20","2968536","proxy-wide38","standard","L40S","1","COMPLETED","1429","00:23:49","jnfat09","0:0","0.396944","no","successful final array used by the 20260727 wide-38 package"
"proxy_retraining","wide38_unfrozen20","","2968494_21","2968537","proxy-wide38","standard","L40","1","COMPLETED","1497","00:24:57","jn107","0:0","0.415833","no","successful final array used by the 20260727 wide-38 package"
"proxy_retraining","wide38_unfrozen20","","2968494_22","2968540","proxy-wide38","standard","L40S","1","COMPLETED","1099","00:18:19","jnfat03","0:0","0.305278","no","successful final array used by the 20260727 wide-38 package"
"proxy_retraining","wide38_unfrozen20","","2968494_23","2968543","proxy-wide38","standard","L40S","1","COMPLETED","990","00:16:30","jnfat02","0:0","0.275000","no","successful final array used by the 20260727 wide-38 package"
"proxy_retraining","wide38_unfrozen20","","2968494_24","2968546","proxy-wide38","standard","L40","1","COMPLETED","940","00:15:40","jn006","0:0","0.261111","no","successful final array used by the 20260727 wide-38 package"
"proxy_retraining","wide38_unfrozen20","","2968494_25","2968547","proxy-wide38","standard","L40S","1","COMPLETED","1820","00:30:20","jnfat09","0:0","0.505556","no","successful final array used by the 20260727 wide-38 package"
"proxy_retraining","wide38_unfrozen20","","2968494_26","2968549","proxy-wide38","standard","L40S","1","COMPLETED","1344","00:22:24","jnfat02","0:0","0.373333","no","successful final array used by the 20260727 wide-38 package"
"proxy_retraining","wide38_unfrozen20","","2968494_27","2968565","proxy-wide38","standard","L40S","1","COMPLETED","2086","00:34:46","jnfat01","0:0","0.579444","no","successful final array used by the 20260727 wide-38 package"
"proxy_retraining","wide38_unfrozen20","","2968494_28","2968590","proxy-wide38","standard","L40S","1","COMPLETED","1419","00:23:39","jnfat03","0:0","0.394167","no","successful final array used by the 20260727 wide-38 package"
"proxy_retraining","wide38_unfrozen20","","2968494_29","2968609","proxy-wide38","standard","L40","1","COMPLETED","2588","00:43:08","jn012","0:0","0.718889","no","successful final array used by the 20260727 wide-38 package"
"proxy_retraining","wide38_unfrozen20","","2968494_30","2968612","proxy-wide38","standard","L40S","1","COMPLETED","3570","00:59:30","jnfat02","0:0","0.991667","no","successful final array used by the 20260727 wide-38 package"
"proxy_retraining","wide38_unfrozen20","","2968494_31","2968614","proxy-wide38","standard","L40S","1","COMPLETED","3344","00:55:44","jnfat09","0:0","0.928889","no","successful final array used by the 20260727 wide-38 package"
"proxy_retraining","wide38_unfrozen20","","2968494_32","2968615","proxy-wide38","standard","L40","1","COMPLETED","1474","00:24:34","jn006","0:0","0.409444","no","successful final array used by the 20260727 wide-38 package"
"proxy_retraining","wide38_unfrozen20","","2968494_33","2968618","proxy-wide38","standard","L40","1","COMPLETED","2424","00:40:24","jn107","0:0","0.673333","no","successful final array used by the 20260727 wide-38 package"
"proxy_retraining","wide38_unfrozen20","","2968494_34","2968620","proxy-wide38","standard","L40S","1","COMPLETED","2521","00:42:01","jnfat02","0:0","0.700278","no","successful final array used by the 20260727 wide-38 package"
"proxy_retraining","wide38_unfrozen20","","2968494_35","2968624","proxy-wide38","standard","L40S","1","COMPLETED","2101","00:35:01","jnfat09","0:0","0.583611","no","successful final array used by the 20260727 wide-38 package"
"proxy_retraining","wide38_unfrozen20","","2968494_36","2968625","proxy-wide38","standard","L40S","1","COMPLETED","3123","00:52:03","jnfat03","0:0","0.867500","no","successful final array used by the 20260727 wide-38 package"
"proxy_retraining","wide38_unfrozen20","","2968494_37","2968494","proxy-wide38","standard","L40S","1","COMPLETED","2347","00:39:07","jnfat01","0:0","0.651944","no","successful final array used by the 20260727 wide-38 package"
