condition,seed,role,run_id,window_start,window_end,failure_mode,count,n,share
1-pattern,42,original,20260618_1pattern_a9_cifar10_e5_p3500_c1200_s100_h100x4_shared_full_full_reward_seed42,1,100,formal_success,89,100,0.89
1-pattern,42,original,20260618_1pattern_a9_cifar10_e5_p3500_c1200_s100_h100x4_shared_full_full_reward_seed42,1,100,cpu_prevalidate_RuntimeError,6,100,0.06
1-pattern,42,original,20260618_1pattern_a9_cifar10_e5_p3500_c1200_s100_h100x4_shared_full_full_reward_seed42,1,100,target_structure_dead_block,3,100,0.03
1-pattern,42,original,20260618_1pattern_a9_cifar10_e5_p3500_c1200_s100_h100x4_shared_full_full_reward_seed42,1,100,build_or_prevalidation_failure,1,100,0.01
1-pattern,42,original,20260618_1pattern_a9_cifar10_e5_p3500_c1200_s100_h100x4_shared_full_full_reward_seed42,1,100,cpu_prevalidate_NameError,1,100,0.01
1-pattern,42,original,20260618_1pattern_a9_cifar10_e5_p3500_c1200_s100_h100x4_shared_full_full_reward_seed42,101,200,formal_success,99,100,0.99
1-pattern,42,original,20260618_1pattern_a9_cifar10_e5_p3500_c1200_s100_h100x4_shared_full_full_reward_seed42,101,200,formal_success_target_mismatch,1,100,0.01
1-pattern,42,original,20260618_1pattern_a9_cifar10_e5_p3500_c1200_s100_h100x4_shared_full_full_reward_seed42,201,300,formal_success,99,100,0.99
1-pattern,42,original,20260618_1pattern_a9_cifar10_e5_p3500_c1200_s100_h100x4_shared_full_full_reward_seed42,201,300,cpu_prevalidate_RuntimeError,1,100,0.01
1-pattern,42,original,20260618_1pattern_a9_cifar10_e5_p3500_c1200_s100_h100x4_shared_full_full_reward_seed42,301,400,formal_success,95,100,0.95
1-pattern,42,original,20260618_1pattern_a9_cifar10_e5_p3500_c1200_s100_h100x4_shared_full_full_reward_seed42,301,400,cpu_prevalidate_RuntimeError,3,100,0.03
1-pattern,42,original,20260618_1pattern_a9_cifar10_e5_p3500_c1200_s100_h100x4_shared_full_full_reward_seed42,301,400,cpu_prevalidate_AttributeError,1,100,0.01
1-pattern,42,original,20260618_1pattern_a9_cifar10_e5_p3500_c1200_s100_h100x4_shared_full_full_reward_seed42,301,400,cpu_prevalidate_NameError,1,100,0.01
1-pattern,42,original,20260618_1pattern_a9_cifar10_e5_p3500_c1200_s100_h100x4_shared_full_full_reward_seed42,401,500,formal_success,96,100,0.96
1-pattern,42,original,20260618_1pattern_a9_cifar10_e5_p3500_c1200_s100_h100x4_shared_full_full_reward_seed42,401,500,cpu_prevalidate_RuntimeError,4,100,0.04
1-pattern,42,original,20260618_1pattern_a9_cifar10_e5_p3500_c1200_s100_h100x4_shared_full_full_reward_seed42,501,600,formal_success,94,100,0.94
1-pattern,42,original,20260618_1pattern_a9_cifar10_e5_p3500_c1200_s100_h100x4_shared_full_full_reward_seed42,501,600,cpu_prevalidate_RuntimeError,3,100,0.03
1-pattern,42,original,20260618_1pattern_a9_cifar10_e5_p3500_c1200_s100_h100x4_shared_full_full_reward_seed42,501,600,syntax_template_or_format_failure,1,100,0.01
1-pattern,42,original,20260618_1pattern_a9_cifar10_e5_p3500_c1200_s100_h100x4_shared_full_full_reward_seed42,501,600,RuntimeError,1,100,0.01
1-pattern,42,original,20260618_1pattern_a9_cifar10_e5_p3500_c1200_s100_h100x4_shared_full_full_reward_seed42,501,600,build_or_prevalidation_failure,1,100,0.01
1-pattern,42,original,20260618_1pattern_a9_cifar10_e5_p3500_c1200_s100_h100x4_shared_full_full_reward_seed42,601,700,formal_success,97,100,0.97
1-pattern,42,original,20260618_1pattern_a9_cifar10_e5_p3500_c1200_s100_h100x4_shared_full_full_reward_seed42,601,700,build_or_prevalidation_failure,1,100,0.01
1-pattern,42,original,20260618_1pattern_a9_cifar10_e5_p3500_c1200_s100_h100x4_shared_full_full_reward_seed42,601,700,target_structure_dead_block,1,100,0.01
1-pattern,42,original,20260618_1pattern_a9_cifar10_e5_p3500_c1200_s100_h100x4_shared_full_full_reward_seed42,601,700,syntax_template_or_format_failure,1,100,0.01
1-pattern,42,original,20260618_1pattern_a9_cifar10_e5_p3500_c1200_s100_h100x4_shared_full_full_reward_seed42,701,800,formal_success,91,100,0.91
1-pattern,42,original,20260618_1pattern_a9_cifar10_e5_p3500_c1200_s100_h100x4_shared_full_full_reward_seed42,701,800,syntax_template_or_format_failure,6,100,0.06
1-pattern,42,original,20260618_1pattern_a9_cifar10_e5_p3500_c1200_s100_h100x4_shared_full_full_reward_seed42,701,800,build_or_prevalidation_failure,1,100,0.01
1-pattern,42,original,20260618_1pattern_a9_cifar10_e5_p3500_c1200_s100_h100x4_shared_full_full_reward_seed42,701,800,cpu_prevalidate_TypeError,1,100,0.01
1-pattern,42,original,20260618_1pattern_a9_cifar10_e5_p3500_c1200_s100_h100x4_shared_full_full_reward_seed42,701,800,cpu_prevalidate_NameError,1,100,0.01
1-pattern,123,original,20260618_1pattern_a9_cifar10_e5_p3500_c1200_s100_h100x4_shared_full_full_reward_seed123,1,100,formal_success,85,100,0.85
1-pattern,123,original,20260618_1pattern_a9_cifar10_e5_p3500_c1200_s100_h100x4_shared_full_full_reward_seed123,1,100,cpu_prevalidate_RuntimeError,6,100,0.06
1-pattern,123,original,20260618_1pattern_a9_cifar10_e5_p3500_c1200_s100_h100x4_shared_full_full_reward_seed123,1,100,target_structure_dead_block,4,100,0.04
1-pattern,123,original,20260618_1pattern_a9_cifar10_e5_p3500_c1200_s100_h100x4_shared_full_full_reward_seed123,1,100,FileNotFoundError,3,100,0.03
1-pattern,123,original,20260618_1pattern_a9_cifar10_e5_p3500_c1200_s100_h100x4_shared_full_full_reward_seed123,1,100,syntax_template_or_format_failure,1,100,0.01
1-pattern,123,original,20260618_1pattern_a9_cifar10_e5_p3500_c1200_s100_h100x4_shared_full_full_reward_seed123,1,100,build_or_prevalidation_failure,1,100,0.01
1-pattern,123,original,20260618_1pattern_a9_cifar10_e5_p3500_c1200_s100_h100x4_shared_full_full_reward_seed123,101,200,formal_success,97,100,0.97
1-pattern,123,original,20260618_1pattern_a9_cifar10_e5_p3500_c1200_s100_h100x4_shared_full_full_reward_seed123,101,200,cpu_prevalidate_RuntimeError,2,100,0.02
1-pattern,123,original,20260618_1pattern_a9_cifar10_e5_p3500_c1200_s100_h100x4_shared_full_full_reward_seed123,101,200,formal_success_nonpositive_reward,1,100,0.01
1-pattern,123,original,20260618_1pattern_a9_cifar10_e5_p3500_c1200_s100_h100x4_shared_full_full_reward_seed123,201,300,formal_success,95,100,0.95
1-pattern,123,original,20260618_1pattern_a9_cifar10_e5_p3500_c1200_s100_h100x4_shared_full_full_reward_seed123,201,300,cpu_prevalidate_RuntimeError,3,100,0.03
1-pattern,123,original,20260618_1pattern_a9_cifar10_e5_p3500_c1200_s100_h100x4_shared_full_full_reward_seed123,201,300,cpu_prevalidate_TypeError,1,100,0.01
1-pattern,123,original,20260618_1pattern_a9_cifar10_e5_p3500_c1200_s100_h100x4_shared_full_full_reward_seed123,201,300,cpu_prevalidate_AttributeError,1,100,0.01
1-pattern,123,original,20260618_1pattern_a9_cifar10_e5_p3500_c1200_s100_h100x4_shared_full_full_reward_seed123,301,400,formal_success,97,100,0.97
1-pattern,123,original,20260618_1pattern_a9_cifar10_e5_p3500_c1200_s100_h100x4_shared_full_full_reward_seed123,301,400,cpu_prevalidate_RuntimeError,2,100,0.02
1-pattern,123,original,20260618_1pattern_a9_cifar10_e5_p3500_c1200_s100_h100x4_shared_full_full_reward_seed123,301,400,target_structure_dead_block,1,100,0.01
1-pattern,123,original,20260618_1pattern_a9_cifar10_e5_p3500_c1200_s100_h100x4_shared_full_full_reward_seed123,401,500,formal_success,97,100,0.97
1-pattern,123,original,20260618_1pattern_a9_cifar10_e5_p3500_c1200_s100_h100x4_shared_full_full_reward_seed123,401,500,cpu_prevalidate_KeyError,3,100,0.03
1-pattern,123,original,20260618_1pattern_a9_cifar10_e5_p3500_c1200_s100_h100x4_shared_full_full_reward_seed123,501,600,formal_success,100,100,1
1-pattern,123,original,20260618_1pattern_a9_cifar10_e5_p3500_c1200_s100_h100x4_shared_full_full_reward_seed123,601,700,formal_success,100,100,1
1-pattern,123,original,20260618_1pattern_a9_cifar10_e5_p3500_c1200_s100_h100x4_shared_full_full_reward_seed123,701,800,formal_success,100,100,1
1-pattern,777,original,20260618_1pattern_a9_cifar10_e5_p3500_c1200_s100_h100x4_shared_full_full_reward_seed777,1,100,formal_success,87,100,0.87
1-pattern,777,original,20260618_1pattern_a9_cifar10_e5_p3500_c1200_s100_h100x4_shared_full_full_reward_seed777,1,100,cpu_prevalidate_RuntimeError,7,100,0.07
1-pattern,777,original,20260618_1pattern_a9_cifar10_e5_p3500_c1200_s100_h100x4_shared_full_full_reward_seed777,1,100,target_structure_dead_block,2,100,0.02
1-pattern,777,original,20260618_1pattern_a9_cifar10_e5_p3500_c1200_s100_h100x4_shared_full_full_reward_seed777,1,100,cpu_prevalidate_AttributeError,2,100,0.02
1-pattern,777,original,20260618_1pattern_a9_cifar10_e5_p3500_c1200_s100_h100x4_shared_full_full_reward_seed777,1,100,RuntimeError,1,100,0.01
1-pattern,777,original,20260618_1pattern_a9_cifar10_e5_p3500_c1200_s100_h100x4_shared_full_full_reward_seed777,1,100,syntax_template_or_format_failure,1,100,0.01
1-pattern,777,original,20260618_1pattern_a9_cifar10_e5_p3500_c1200_s100_h100x4_shared_full_full_reward_seed777,101,200,formal_success,91,100,0.91
1-pattern,777,original,20260618_1pattern_a9_cifar10_e5_p3500_c1200_s100_h100x4_shared_full_full_reward_seed777,101,200,cpu_prevalidate_RuntimeError,6,100,0.06
1-pattern,777,original,20260618_1pattern_a9_cifar10_e5_p3500_c1200_s100_h100x4_shared_full_full_reward_seed777,101,200,syntax_template_or_format_failure,1,100,0.01
1-pattern,777,original,20260618_1pattern_a9_cifar10_e5_p3500_c1200_s100_h100x4_shared_full_full_reward_seed777,101,200,build_or_prevalidation_failure,1,100,0.01
1-pattern,777,original,20260618_1pattern_a9_cifar10_e5_p3500_c1200_s100_h100x4_shared_full_full_reward_seed777,101,200,cpu_prevalidate_NameError,1,100,0.01
1-pattern,777,original,20260618_1pattern_a9_cifar10_e5_p3500_c1200_s100_h100x4_shared_full_full_reward_seed777,201,300,formal_success,92,100,0.92
1-pattern,777,original,20260618_1pattern_a9_cifar10_e5_p3500_c1200_s100_h100x4_shared_full_full_reward_seed777,201,300,cpu_prevalidate_RuntimeError,3,100,0.03
1-pattern,777,original,20260618_1pattern_a9_cifar10_e5_p3500_c1200_s100_h100x4_shared_full_full_reward_seed777,201,300,cpu_prevalidate_NameError,2,100,0.02
1-pattern,777,original,20260618_1pattern_a9_cifar10_e5_p3500_c1200_s100_h100x4_shared_full_full_reward_seed777,201,300,cpu_prevalidate_ValueError,2,100,0.02
1-pattern,777,original,20260618_1pattern_a9_cifar10_e5_p3500_c1200_s100_h100x4_shared_full_full_reward_seed777,201,300,cpu_prevalidate_TypeError,1,100,0.01
1-pattern,777,original,20260618_1pattern_a9_cifar10_e5_p3500_c1200_s100_h100x4_shared_full_full_reward_seed777,301,400,formal_success,92,100,0.92
1-pattern,777,original,20260618_1pattern_a9_cifar10_e5_p3500_c1200_s100_h100x4_shared_full_full_reward_seed777,301,400,cpu_prevalidate_RuntimeError,6,100,0.06
1-pattern,777,original,20260618_1pattern_a9_cifar10_e5_p3500_c1200_s100_h100x4_shared_full_full_reward_seed777,301,400,target_structure_dead_block,1,100,0.01
1-pattern,777,original,20260618_1pattern_a9_cifar10_e5_p3500_c1200_s100_h100x4_shared_full_full_reward_seed777,301,400,cpu_prevalidate_AttributeError,1,100,0.01
1-pattern,777,original,20260618_1pattern_a9_cifar10_e5_p3500_c1200_s100_h100x4_shared_full_full_reward_seed777,401,500,formal_success,94,100,0.94
1-pattern,777,original,20260618_1pattern_a9_cifar10_e5_p3500_c1200_s100_h100x4_shared_full_full_reward_seed777,401,500,cpu_prevalidate_RuntimeError,4,100,0.04
1-pattern,777,original,20260618_1pattern_a9_cifar10_e5_p3500_c1200_s100_h100x4_shared_full_full_reward_seed777,401,500,formal_success_target_mismatch,1,100,0.01
1-pattern,777,original,20260618_1pattern_a9_cifar10_e5_p3500_c1200_s100_h100x4_shared_full_full_reward_seed777,401,500,cpu_prevalidate_TypeError,1,100,0.01
1-pattern,777,original,20260618_1pattern_a9_cifar10_e5_p3500_c1200_s100_h100x4_shared_full_full_reward_seed777,501,600,formal_success,94,100,0.94
1-pattern,777,original,20260618_1pattern_a9_cifar10_e5_p3500_c1200_s100_h100x4_shared_full_full_reward_seed777,501,600,cpu_prevalidate_RuntimeError,4,100,0.04
1-pattern,777,original,20260618_1pattern_a9_cifar10_e5_p3500_c1200_s100_h100x4_shared_full_full_reward_seed777,501,600,formal_success_target_mismatch,1,100,0.01
1-pattern,777,original,20260618_1pattern_a9_cifar10_e5_p3500_c1200_s100_h100x4_shared_full_full_reward_seed777,501,600,formal_success_nonpositive_reward,1,100,0.01
1-pattern,777,original,20260618_1pattern_a9_cifar10_e5_p3500_c1200_s100_h100x4_shared_full_full_reward_seed777,601,700,formal_success,90,100,0.9
1-pattern,777,original,20260618_1pattern_a9_cifar10_e5_p3500_c1200_s100_h100x4_shared_full_full_reward_seed777,601,700,cpu_prevalidate_RuntimeError,2,100,0.02
1-pattern,777,original,20260618_1pattern_a9_cifar10_e5_p3500_c1200_s100_h100x4_shared_full_full_reward_seed777,601,700,formal_success_nonpositive_reward,2,100,0.02
1-pattern,777,original,20260618_1pattern_a9_cifar10_e5_p3500_c1200_s100_h100x4_shared_full_full_reward_seed777,601,700,build_or_prevalidation_failure,1,100,0.01
1-pattern,777,original,20260618_1pattern_a9_cifar10_e5_p3500_c1200_s100_h100x4_shared_full_full_reward_seed777,601,700,target_structure_dead_block,1,100,0.01
1-pattern,777,original,20260618_1pattern_a9_cifar10_e5_p3500_c1200_s100_h100x4_shared_full_full_reward_seed777,601,700,cpu_prevalidate_KeyError,1,100,0.01
1-pattern,777,original,20260618_1pattern_a9_cifar10_e5_p3500_c1200_s100_h100x4_shared_full_full_reward_seed777,601,700,RuntimeError,1,100,0.01
1-pattern,777,original,20260618_1pattern_a9_cifar10_e5_p3500_c1200_s100_h100x4_shared_full_full_reward_seed777,601,700,cpu_prevalidate_AttributeError,1,100,0.01
1-pattern,777,original,20260618_1pattern_a9_cifar10_e5_p3500_c1200_s100_h100x4_shared_full_full_reward_seed777,601,700,syntax_template_or_format_failure,1,100,0.01
1-pattern,777,original,20260618_1pattern_a9_cifar10_e5_p3500_c1200_s100_h100x4_shared_full_full_reward_seed777,701,800,formal_success,97,100,0.97
1-pattern,777,original,20260618_1pattern_a9_cifar10_e5_p3500_c1200_s100_h100x4_shared_full_full_reward_seed777,701,800,target_structure_dead_block,1,100,0.01
1-pattern,777,original,20260618_1pattern_a9_cifar10_e5_p3500_c1200_s100_h100x4_shared_full_full_reward_seed777,701,800,cpu_prevalidate_RuntimeError,1,100,0.01
1-pattern,777,original,20260618_1pattern_a9_cifar10_e5_p3500_c1200_s100_h100x4_shared_full_full_reward_seed777,701,800,formal_success_nonpositive_reward,1,100,0.01
1-pattern,114,added,20260627_1pattern_a9_cifar10_e5_p3500_c1200_s100_h100x4_shared_full_full_reward_seed114,1,100,cpu_prevalidate_RuntimeError,55,100,0.55
1-pattern,114,added,20260627_1pattern_a9_cifar10_e5_p3500_c1200_s100_h100x4_shared_full_full_reward_seed114,1,100,cpu_prevalidate_AttributeError,37,100,0.37
1-pattern,114,added,20260627_1pattern_a9_cifar10_e5_p3500_c1200_s100_h100x4_shared_full_full_reward_seed114,1,100,build_or_prevalidation_failure,2,100,0.02
1-pattern,114,added,20260627_1pattern_a9_cifar10_e5_p3500_c1200_s100_h100x4_shared_full_full_reward_seed114,1,100,cpu_prevalidate_IndexError,2,100,0.02
1-pattern,114,added,20260627_1pattern_a9_cifar10_e5_p3500_c1200_s100_h100x4_shared_full_full_reward_seed114,1,100,cpu_prevalidate_ValueError,1,100,0.01
1-pattern,114,added,20260627_1pattern_a9_cifar10_e5_p3500_c1200_s100_h100x4_shared_full_full_reward_seed114,1,100,cpu_prevalidate_TypeError,1,100,0.01
1-pattern,114,added,20260627_1pattern_a9_cifar10_e5_p3500_c1200_s100_h100x4_shared_full_full_reward_seed114,1,100,cpu_prevalidate_NameError,1,100,0.01
1-pattern,114,added,20260627_1pattern_a9_cifar10_e5_p3500_c1200_s100_h100x4_shared_full_full_reward_seed114,1,100,target_structure_dead_block,1,100,0.01
1-pattern,114,added,20260627_1pattern_a9_cifar10_e5_p3500_c1200_s100_h100x4_shared_full_full_reward_seed114,101,200,target_structure_dead_block,45,100,0.45
1-pattern,114,added,20260627_1pattern_a9_cifar10_e5_p3500_c1200_s100_h100x4_shared_full_full_reward_seed114,101,200,cpu_prevalidate_AttributeError,31,100,0.31
1-pattern,114,added,20260627_1pattern_a9_cifar10_e5_p3500_c1200_s100_h100x4_shared_full_full_reward_seed114,101,200,cpu_prevalidate_RuntimeError,12,100,0.12
1-pattern,114,added,20260627_1pattern_a9_cifar10_e5_p3500_c1200_s100_h100x4_shared_full_full_reward_seed114,101,200,cpu_prevalidate_ValueError,5,100,0.05
1-pattern,114,added,20260627_1pattern_a9_cifar10_e5_p3500_c1200_s100_h100x4_shared_full_full_reward_seed114,101,200,cpu_prevalidate_IndexError,3,100,0.03
1-pattern,114,added,20260627_1pattern_a9_cifar10_e5_p3500_c1200_s100_h100x4_shared_full_full_reward_seed114,101,200,build_or_prevalidation_failure,2,100,0.02
1-pattern,114,added,20260627_1pattern_a9_cifar10_e5_p3500_c1200_s100_h100x4_shared_full_full_reward_seed114,101,200,cpu_prevalidate_TypeError,2,100,0.02
1-pattern,114,added,20260627_1pattern_a9_cifar10_e5_p3500_c1200_s100_h100x4_shared_full_full_reward_seed114,201,300,target_structure_dead_block,96,100,0.96
1-pattern,114,added,20260627_1pattern_a9_cifar10_e5_p3500_c1200_s100_h100x4_shared_full_full_reward_seed114,201,300,cpu_prevalidate_RuntimeError,2,100,0.02
1-pattern,114,added,20260627_1pattern_a9_cifar10_e5_p3500_c1200_s100_h100x4_shared_full_full_reward_seed114,201,300,cpu_prevalidate_ValueError,1,100,0.01
1-pattern,114,added,20260627_1pattern_a9_cifar10_e5_p3500_c1200_s100_h100x4_shared_full_full_reward_seed114,201,300,cpu_prevalidate_AttributeError,1,100,0.01
1-pattern,114,added,20260627_1pattern_a9_cifar10_e5_p3500_c1200_s100_h100x4_shared_full_full_reward_seed114,301,400,target_structure_dead_block,100,100,1
1-pattern,114,added,20260627_1pattern_a9_cifar10_e5_p3500_c1200_s100_h100x4_shared_full_full_reward_seed114,401,500,target_structure_dead_block,97,100,0.97
1-pattern,114,added,20260627_1pattern_a9_cifar10_e5_p3500_c1200_s100_h100x4_shared_full_full_reward_seed114,401,500,cpu_prevalidate_RuntimeError,1,100,0.01
1-pattern,114,added,20260627_1pattern_a9_cifar10_e5_p3500_c1200_s100_h100x4_shared_full_full_reward_seed114,401,500,cpu_prevalidate_NameError,1,100,0.01
1-pattern,114,added,20260627_1pattern_a9_cifar10_e5_p3500_c1200_s100_h100x4_shared_full_full_reward_seed114,401,500,cpu_prevalidate_AttributeError,1,100,0.01
1-pattern,114,added,20260627_1pattern_a9_cifar10_e5_p3500_c1200_s100_h100x4_shared_full_full_reward_seed114,501,600,target_structure_dead_block,100,100,1
1-pattern,114,added,20260627_1pattern_a9_cifar10_e5_p3500_c1200_s100_h100x4_shared_full_full_reward_seed114,601,700,target_structure_dead_block,99,100,0.99
1-pattern,114,added,20260627_1pattern_a9_cifar10_e5_p3500_c1200_s100_h100x4_shared_full_full_reward_seed114,601,700,cpu_prevalidate_RuntimeError,1,100,0.01
1-pattern,114,added,20260627_1pattern_a9_cifar10_e5_p3500_c1200_s100_h100x4_shared_full_full_reward_seed114,701,800,target_structure_dead_block,99,100,0.99
1-pattern,114,added,20260627_1pattern_a9_cifar10_e5_p3500_c1200_s100_h100x4_shared_full_full_reward_seed114,701,800,cpu_prevalidate_NameError,1,100,0.01
1-pattern,514,added,20260627_1pattern_a9_cifar10_e5_p3500_c1200_s100_h100x4_shared_full_full_reward_seed514,1,100,formal_success,67,100,0.67
1-pattern,514,added,20260627_1pattern_a9_cifar10_e5_p3500_c1200_s100_h100x4_shared_full_full_reward_seed514,1,100,cpu_prevalidate_RuntimeError,11,100,0.11
1-pattern,514,added,20260627_1pattern_a9_cifar10_e5_p3500_c1200_s100_h100x4_shared_full_full_reward_seed514,1,100,formal_success_nonpositive_reward,10,100,0.1
1-pattern,514,added,20260627_1pattern_a9_cifar10_e5_p3500_c1200_s100_h100x4_shared_full_full_reward_seed514,1,100,cpu_prevalidate_ValueError,9,100,0.09
1-pattern,514,added,20260627_1pattern_a9_cifar10_e5_p3500_c1200_s100_h100x4_shared_full_full_reward_seed514,1,100,cpu_prevalidate_AttributeError,2,100,0.02
1-pattern,514,added,20260627_1pattern_a9_cifar10_e5_p3500_c1200_s100_h100x4_shared_full_full_reward_seed514,1,100,cpu_prevalidate_TypeError,1,100,0.01
1-pattern,514,added,20260627_1pattern_a9_cifar10_e5_p3500_c1200_s100_h100x4_shared_full_full_reward_seed514,101,200,formal_success,83,100,0.83
1-pattern,514,added,20260627_1pattern_a9_cifar10_e5_p3500_c1200_s100_h100x4_shared_full_full_reward_seed514,101,200,formal_success_nonpositive_reward,9,100,0.09
1-pattern,514,added,20260627_1pattern_a9_cifar10_e5_p3500_c1200_s100_h100x4_shared_full_full_reward_seed514,101,200,cpu_prevalidate_RuntimeError,4,100,0.04
1-pattern,514,added,20260627_1pattern_a9_cifar10_e5_p3500_c1200_s100_h100x4_shared_full_full_reward_seed514,101,200,cpu_prevalidate_AttributeError,2,100,0.02
1-pattern,514,added,20260627_1pattern_a9_cifar10_e5_p3500_c1200_s100_h100x4_shared_full_full_reward_seed514,101,200,formal_success_target_mismatch,1,100,0.01
1-pattern,514,added,20260627_1pattern_a9_cifar10_e5_p3500_c1200_s100_h100x4_shared_full_full_reward_seed514,101,200,cpu_prevalidate_ValueError,1,100,0.01
1-pattern,514,added,20260627_1pattern_a9_cifar10_e5_p3500_c1200_s100_h100x4_shared_full_full_reward_seed514,201,300,formal_success,99,100,0.99
1-pattern,514,added,20260627_1pattern_a9_cifar10_e5_p3500_c1200_s100_h100x4_shared_full_full_reward_seed514,201,300,FileNotFoundError,1,100,0.01
1-pattern,514,added,20260627_1pattern_a9_cifar10_e5_p3500_c1200_s100_h100x4_shared_full_full_reward_seed514,301,400,formal_success,97,100,0.97
1-pattern,514,added,20260627_1pattern_a9_cifar10_e5_p3500_c1200_s100_h100x4_shared_full_full_reward_seed514,301,400,build_or_prevalidation_failure,2,100,0.02
1-pattern,514,added,20260627_1pattern_a9_cifar10_e5_p3500_c1200_s100_h100x4_shared_full_full_reward_seed514,301,400,cpu_prevalidate_NameError,1,100,0.01
1-pattern,514,added,20260627_1pattern_a9_cifar10_e5_p3500_c1200_s100_h100x4_shared_full_full_reward_seed514,401,500,formal_success,100,100,1
1-pattern,514,added,20260627_1pattern_a9_cifar10_e5_p3500_c1200_s100_h100x4_shared_full_full_reward_seed514,501,600,formal_success,100,100,1
1-pattern,514,added,20260627_1pattern_a9_cifar10_e5_p3500_c1200_s100_h100x4_shared_full_full_reward_seed514,601,700,formal_success,100,100,1
1-pattern,514,added,20260627_1pattern_a9_cifar10_e5_p3500_c1200_s100_h100x4_shared_full_full_reward_seed514,701,800,formal_success,100,100,1
4-pattern,42,original,20260612_4pattern_a18_cifar10_e5_p3500_c1200_s100_l40s_excl_full_full_reward_seed42,1,100,formal_success,95,100,0.95
4-pattern,42,original,20260612_4pattern_a18_cifar10_e5_p3500_c1200_s100_l40s_excl_full_full_reward_seed42,1,100,formal_success_target_mismatch,4,100,0.04
4-pattern,42,original,20260612_4pattern_a18_cifar10_e5_p3500_c1200_s100_l40s_excl_full_full_reward_seed42,1,100,cpu_prevalidate_RuntimeError,1,100,0.01
4-pattern,42,original,20260612_4pattern_a18_cifar10_e5_p3500_c1200_s100_l40s_excl_full_full_reward_seed42,101,200,formal_success,96,100,0.96
4-pattern,42,original,20260612_4pattern_a18_cifar10_e5_p3500_c1200_s100_l40s_excl_full_full_reward_seed42,101,200,cpu_prevalidate_AttributeError,1,100,0.01
4-pattern,42,original,20260612_4pattern_a18_cifar10_e5_p3500_c1200_s100_l40s_excl_full_full_reward_seed42,101,200,syntax_template_or_format_failure,1,100,0.01
4-pattern,42,original,20260612_4pattern_a18_cifar10_e5_p3500_c1200_s100_l40s_excl_full_full_reward_seed42,101,200,formal_success_target_mismatch,1,100,0.01
4-pattern,42,original,20260612_4pattern_a18_cifar10_e5_p3500_c1200_s100_l40s_excl_full_full_reward_seed42,101,200,cpu_prevalidate_RuntimeError,1,100,0.01
4-pattern,42,original,20260612_4pattern_a18_cifar10_e5_p3500_c1200_s100_l40s_excl_full_full_reward_seed42,201,300,formal_success,89,100,0.89
4-pattern,42,original,20260612_4pattern_a18_cifar10_e5_p3500_c1200_s100_l40s_excl_full_full_reward_seed42,201,300,formal_success_target_mismatch,6,100,0.06
4-pattern,42,original,20260612_4pattern_a18_cifar10_e5_p3500_c1200_s100_l40s_excl_full_full_reward_seed42,201,300,cpu_prevalidate_RuntimeError,4,100,0.04
4-pattern,42,original,20260612_4pattern_a18_cifar10_e5_p3500_c1200_s100_l40s_excl_full_full_reward_seed42,201,300,build_or_prevalidation_failure,1,100,0.01
4-pattern,42,original,20260612_4pattern_a18_cifar10_e5_p3500_c1200_s100_l40s_excl_full_full_reward_seed42,301,400,formal_success,97,100,0.97
4-pattern,42,original,20260612_4pattern_a18_cifar10_e5_p3500_c1200_s100_l40s_excl_full_full_reward_seed42,301,400,unclassified,1,100,0.01
4-pattern,42,original,20260612_4pattern_a18_cifar10_e5_p3500_c1200_s100_l40s_excl_full_full_reward_seed42,301,400,RuntimeError,1,100,0.01
4-pattern,42,original,20260612_4pattern_a18_cifar10_e5_p3500_c1200_s100_l40s_excl_full_full_reward_seed42,301,400,cpu_prevalidate_ValueError,1,100,0.01
4-pattern,42,original,20260612_4pattern_a18_cifar10_e5_p3500_c1200_s100_l40s_excl_full_full_reward_seed42,401,500,formal_success,94,100,0.94
4-pattern,42,original,20260612_4pattern_a18_cifar10_e5_p3500_c1200_s100_l40s_excl_full_full_reward_seed42,401,500,cpu_prevalidate_TypeError,5,100,0.05
4-pattern,42,original,20260612_4pattern_a18_cifar10_e5_p3500_c1200_s100_l40s_excl_full_full_reward_seed42,401,500,build_or_prevalidation_failure,1,100,0.01
4-pattern,42,original,20260612_4pattern_a18_cifar10_e5_p3500_c1200_s100_l40s_excl_full_full_reward_seed42,501,600,formal_success,100,100,1
4-pattern,42,original,20260612_4pattern_a18_cifar10_e5_p3500_c1200_s100_l40s_excl_full_full_reward_seed42,601,700,formal_success,99,100,0.99
4-pattern,42,original,20260612_4pattern_a18_cifar10_e5_p3500_c1200_s100_l40s_excl_full_full_reward_seed42,601,700,formal_success_nonpositive_reward,1,100,0.01
4-pattern,42,original,20260612_4pattern_a18_cifar10_e5_p3500_c1200_s100_l40s_excl_full_full_reward_seed42,701,800,formal_success,100,100,1
4-pattern,123,original,20260612_4pattern_a18_cifar10_e5_p3500_c1200_s100_h100x4_shared_full_full_reward_seed123,1,100,formal_success,98,100,0.98
4-pattern,123,original,20260612_4pattern_a18_cifar10_e5_p3500_c1200_s100_h100x4_shared_full_full_reward_seed123,1,100,FileNotFoundError,1,100,0.01
4-pattern,123,original,20260612_4pattern_a18_cifar10_e5_p3500_c1200_s100_h100x4_shared_full_full_reward_seed123,1,100,formal_success_target_mismatch,1,100,0.01
4-pattern,123,original,20260612_4pattern_a18_cifar10_e5_p3500_c1200_s100_h100x4_shared_full_full_reward_seed123,101,200,formal_success,99,100,0.99
4-pattern,123,original,20260612_4pattern_a18_cifar10_e5_p3500_c1200_s100_h100x4_shared_full_full_reward_seed123,101,200,cpu_prevalidate_AttributeError,1,100,0.01
4-pattern,123,original,20260612_4pattern_a18_cifar10_e5_p3500_c1200_s100_h100x4_shared_full_full_reward_seed123,201,300,formal_success,99,100,0.99
4-pattern,123,original,20260612_4pattern_a18_cifar10_e5_p3500_c1200_s100_h100x4_shared_full_full_reward_seed123,201,300,formal_success_target_mismatch,1,100,0.01
4-pattern,123,original,20260612_4pattern_a18_cifar10_e5_p3500_c1200_s100_h100x4_shared_full_full_reward_seed123,301,400,formal_success,94,100,0.94
4-pattern,123,original,20260612_4pattern_a18_cifar10_e5_p3500_c1200_s100_h100x4_shared_full_full_reward_seed123,301,400,cpu_prevalidate_RuntimeError,2,100,0.02
4-pattern,123,original,20260612_4pattern_a18_cifar10_e5_p3500_c1200_s100_h100x4_shared_full_full_reward_seed123,301,400,cpu_prevalidate_NameError,1,100,0.01
4-pattern,123,original,20260612_4pattern_a18_cifar10_e5_p3500_c1200_s100_h100x4_shared_full_full_reward_seed123,301,400,formal_success_target_mismatch,1,100,0.01
4-pattern,123,original,20260612_4pattern_a18_cifar10_e5_p3500_c1200_s100_h100x4_shared_full_full_reward_seed123,301,400,FileNotFoundError,1,100,0.01
4-pattern,123,original,20260612_4pattern_a18_cifar10_e5_p3500_c1200_s100_h100x4_shared_full_full_reward_seed123,301,400,cpu_prevalidate_AttributeError,1,100,0.01
4-pattern,123,original,20260612_4pattern_a18_cifar10_e5_p3500_c1200_s100_h100x4_shared_full_full_reward_seed123,401,500,formal_success,95,100,0.95
4-pattern,123,original,20260612_4pattern_a18_cifar10_e5_p3500_c1200_s100_h100x4_shared_full_full_reward_seed123,401,500,cpu_prevalidate_RuntimeError,2,100,0.02
4-pattern,123,original,20260612_4pattern_a18_cifar10_e5_p3500_c1200_s100_h100x4_shared_full_full_reward_seed123,401,500,RuntimeError,1,100,0.01
4-pattern,123,original,20260612_4pattern_a18_cifar10_e5_p3500_c1200_s100_h100x4_shared_full_full_reward_seed123,401,500,formal_success_target_mismatch,1,100,0.01
4-pattern,123,original,20260612_4pattern_a18_cifar10_e5_p3500_c1200_s100_h100x4_shared_full_full_reward_seed123,401,500,AccuracyException,1,100,0.01
4-pattern,123,original,20260612_4pattern_a18_cifar10_e5_p3500_c1200_s100_h100x4_shared_full_full_reward_seed123,501,600,formal_success,99,100,0.99
4-pattern,123,original,20260612_4pattern_a18_cifar10_e5_p3500_c1200_s100_h100x4_shared_full_full_reward_seed123,501,600,cpu_prevalidate_RuntimeError,1,100,0.01
4-pattern,123,original,20260612_4pattern_a18_cifar10_e5_p3500_c1200_s100_h100x4_shared_full_full_reward_seed123,601,700,formal_success,92,100,0.92
4-pattern,123,original,20260612_4pattern_a18_cifar10_e5_p3500_c1200_s100_h100x4_shared_full_full_reward_seed123,601,700,AccuracyException,8,100,0.08
4-pattern,123,original,20260612_4pattern_a18_cifar10_e5_p3500_c1200_s100_h100x4_shared_full_full_reward_seed123,701,800,formal_success,94,100,0.94
4-pattern,123,original,20260612_4pattern_a18_cifar10_e5_p3500_c1200_s100_h100x4_shared_full_full_reward_seed123,701,800,formal_success_nonpositive_reward,2,100,0.02
4-pattern,123,original,20260612_4pattern_a18_cifar10_e5_p3500_c1200_s100_h100x4_shared_full_full_reward_seed123,701,800,AccuracyException,2,100,0.02
4-pattern,123,original,20260612_4pattern_a18_cifar10_e5_p3500_c1200_s100_h100x4_shared_full_full_reward_seed123,701,800,cpu_prevalidate_RuntimeError,1,100,0.01
4-pattern,123,original,20260612_4pattern_a18_cifar10_e5_p3500_c1200_s100_h100x4_shared_full_full_reward_seed123,701,800,cpu_prevalidate_AttributeError,1,100,0.01
4-pattern,777,original,20260612_4pattern_a18_cifar10_e5_p3500_c1200_s100_l40s_excl_full_full_reward_seed777,1,100,formal_success,99,100,0.99
4-pattern,777,original,20260612_4pattern_a18_cifar10_e5_p3500_c1200_s100_l40s_excl_full_full_reward_seed777,1,100,cpu_prevalidate_AttributeError,1,100,0.01
4-pattern,777,original,20260612_4pattern_a18_cifar10_e5_p3500_c1200_s100_l40s_excl_full_full_reward_seed777,101,200,formal_success,96,100,0.96
4-pattern,777,original,20260612_4pattern_a18_cifar10_e5_p3500_c1200_s100_l40s_excl_full_full_reward_seed777,101,200,build_or_prevalidation_failure,2,100,0.02
4-pattern,777,original,20260612_4pattern_a18_cifar10_e5_p3500_c1200_s100_l40s_excl_full_full_reward_seed777,101,200,cpu_prevalidate_RuntimeError,1,100,0.01
4-pattern,777,original,20260612_4pattern_a18_cifar10_e5_p3500_c1200_s100_l40s_excl_full_full_reward_seed777,101,200,formal_success_target_mismatch,1,100,0.01
4-pattern,777,original,20260612_4pattern_a18_cifar10_e5_p3500_c1200_s100_l40s_excl_full_full_reward_seed777,201,300,formal_success,95,100,0.95
4-pattern,777,original,20260612_4pattern_a18_cifar10_e5_p3500_c1200_s100_l40s_excl_full_full_reward_seed777,201,300,cpu_prevalidate_RuntimeError,3,100,0.03
4-pattern,777,original,20260612_4pattern_a18_cifar10_e5_p3500_c1200_s100_l40s_excl_full_full_reward_seed777,201,300,cpu_prevalidate_AttributeError,2,100,0.02
4-pattern,777,original,20260612_4pattern_a18_cifar10_e5_p3500_c1200_s100_l40s_excl_full_full_reward_seed777,301,400,formal_success,93,100,0.93
4-pattern,777,original,20260612_4pattern_a18_cifar10_e5_p3500_c1200_s100_l40s_excl_full_full_reward_seed777,301,400,FileNotFoundError,2,100,0.02
4-pattern,777,original,20260612_4pattern_a18_cifar10_e5_p3500_c1200_s100_l40s_excl_full_full_reward_seed777,301,400,cpu_prevalidate_AttributeError,2,100,0.02
4-pattern,777,original,20260612_4pattern_a18_cifar10_e5_p3500_c1200_s100_l40s_excl_full_full_reward_seed777,301,400,cpu_prevalidate_RuntimeError,2,100,0.02
4-pattern,777,original,20260612_4pattern_a18_cifar10_e5_p3500_c1200_s100_l40s_excl_full_full_reward_seed777,301,400,build_or_prevalidation_failure,1,100,0.01
4-pattern,777,original,20260612_4pattern_a18_cifar10_e5_p3500_c1200_s100_l40s_excl_full_full_reward_seed777,401,500,formal_success,95,100,0.95
4-pattern,777,original,20260612_4pattern_a18_cifar10_e5_p3500_c1200_s100_l40s_excl_full_full_reward_seed777,401,500,cpu_prevalidate_AttributeError,2,100,0.02
4-pattern,777,original,20260612_4pattern_a18_cifar10_e5_p3500_c1200_s100_l40s_excl_full_full_reward_seed777,401,500,cpu_prevalidate_ValueError,2,100,0.02
4-pattern,777,original,20260612_4pattern_a18_cifar10_e5_p3500_c1200_s100_l40s_excl_full_full_reward_seed777,401,500,build_or_prevalidation_failure,1,100,0.01
4-pattern,777,original,20260612_4pattern_a18_cifar10_e5_p3500_c1200_s100_l40s_excl_full_full_reward_seed777,501,600,formal_success,97,100,0.97
4-pattern,777,original,20260612_4pattern_a18_cifar10_e5_p3500_c1200_s100_l40s_excl_full_full_reward_seed777,501,600,cpu_prevalidate_RuntimeError,2,100,0.02
4-pattern,777,original,20260612_4pattern_a18_cifar10_e5_p3500_c1200_s100_l40s_excl_full_full_reward_seed777,501,600,AccuracyException,1,100,0.01
4-pattern,777,original,20260612_4pattern_a18_cifar10_e5_p3500_c1200_s100_l40s_excl_full_full_reward_seed777,601,700,formal_success,96,100,0.96
4-pattern,777,original,20260612_4pattern_a18_cifar10_e5_p3500_c1200_s100_l40s_excl_full_full_reward_seed777,601,700,cpu_prevalidate_TypeError,2,100,0.02
4-pattern,777,original,20260612_4pattern_a18_cifar10_e5_p3500_c1200_s100_l40s_excl_full_full_reward_seed777,601,700,cpu_prevalidate_AttributeError,1,100,0.01
4-pattern,777,original,20260612_4pattern_a18_cifar10_e5_p3500_c1200_s100_l40s_excl_full_full_reward_seed777,601,700,formal_success_target_mismatch,1,100,0.01
4-pattern,777,original,20260612_4pattern_a18_cifar10_e5_p3500_c1200_s100_l40s_excl_full_full_reward_seed777,701,800,formal_success,98,100,0.98
4-pattern,777,original,20260612_4pattern_a18_cifar10_e5_p3500_c1200_s100_l40s_excl_full_full_reward_seed777,701,800,cpu_prevalidate_AttributeError,2,100,0.02
4-pattern,114,added,20260627_4pattern_a18_cifar10_e5_p3500_c1200_s100_h100x4_shared_full_full_reward_seed114,1,100,cpu_prevalidate_RuntimeError,45,100,0.45
4-pattern,114,added,20260627_4pattern_a18_cifar10_e5_p3500_c1200_s100_h100x4_shared_full_full_reward_seed114,1,100,cpu_prevalidate_AttributeError,21,100,0.21
4-pattern,114,added,20260627_4pattern_a18_cifar10_e5_p3500_c1200_s100_h100x4_shared_full_full_reward_seed114,1,100,build_or_prevalidation_failure,11,100,0.11
4-pattern,114,added,20260627_4pattern_a18_cifar10_e5_p3500_c1200_s100_h100x4_shared_full_full_reward_seed114,1,100,cpu_prevalidate_NameError,10,100,0.1
4-pattern,114,added,20260627_4pattern_a18_cifar10_e5_p3500_c1200_s100_h100x4_shared_full_full_reward_seed114,1,100,cpu_prevalidate_ValueError,7,100,0.07
4-pattern,114,added,20260627_4pattern_a18_cifar10_e5_p3500_c1200_s100_h100x4_shared_full_full_reward_seed114,1,100,syntax_template_or_format_failure,4,100,0.04
4-pattern,114,added,20260627_4pattern_a18_cifar10_e5_p3500_c1200_s100_h100x4_shared_full_full_reward_seed114,1,100,cpu_prevalidate_IndexError,1,100,0.01
4-pattern,114,added,20260627_4pattern_a18_cifar10_e5_p3500_c1200_s100_h100x4_shared_full_full_reward_seed114,1,100,cpu_prevalidate_NotImplementedError,1,100,0.01
4-pattern,114,added,20260627_4pattern_a18_cifar10_e5_p3500_c1200_s100_h100x4_shared_full_full_reward_seed114,101,200,cpu_prevalidate_RuntimeError,38,100,0.38
4-pattern,114,added,20260627_4pattern_a18_cifar10_e5_p3500_c1200_s100_h100x4_shared_full_full_reward_seed114,101,200,syntax_template_or_format_failure,35,100,0.35
4-pattern,114,added,20260627_4pattern_a18_cifar10_e5_p3500_c1200_s100_h100x4_shared_full_full_reward_seed114,101,200,cpu_prevalidate_NameError,9,100,0.09
4-pattern,114,added,20260627_4pattern_a18_cifar10_e5_p3500_c1200_s100_h100x4_shared_full_full_reward_seed114,101,200,cpu_prevalidate_ValueError,8,100,0.08
4-pattern,114,added,20260627_4pattern_a18_cifar10_e5_p3500_c1200_s100_h100x4_shared_full_full_reward_seed114,101,200,cpu_prevalidate_AttributeError,4,100,0.04
4-pattern,114,added,20260627_4pattern_a18_cifar10_e5_p3500_c1200_s100_h100x4_shared_full_full_reward_seed114,101,200,formal_success_target_mismatch,4,100,0.04
4-pattern,114,added,20260627_4pattern_a18_cifar10_e5_p3500_c1200_s100_h100x4_shared_full_full_reward_seed114,101,200,build_or_prevalidation_failure,2,100,0.02
4-pattern,114,added,20260627_4pattern_a18_cifar10_e5_p3500_c1200_s100_h100x4_shared_full_full_reward_seed114,201,300,syntax_template_or_format_failure,89,100,0.89
4-pattern,114,added,20260627_4pattern_a18_cifar10_e5_p3500_c1200_s100_h100x4_shared_full_full_reward_seed114,201,300,cpu_prevalidate_RuntimeError,9,100,0.09
4-pattern,114,added,20260627_4pattern_a18_cifar10_e5_p3500_c1200_s100_h100x4_shared_full_full_reward_seed114,201,300,cpu_prevalidate_ValueError,1,100,0.01
4-pattern,114,added,20260627_4pattern_a18_cifar10_e5_p3500_c1200_s100_h100x4_shared_full_full_reward_seed114,201,300,build_or_prevalidation_failure,1,100,0.01
4-pattern,114,added,20260627_4pattern_a18_cifar10_e5_p3500_c1200_s100_h100x4_shared_full_full_reward_seed114,301,400,syntax_template_or_format_failure,96,100,0.96
4-pattern,114,added,20260627_4pattern_a18_cifar10_e5_p3500_c1200_s100_h100x4_shared_full_full_reward_seed114,301,400,cpu_prevalidate_RuntimeError,2,100,0.02
4-pattern,114,added,20260627_4pattern_a18_cifar10_e5_p3500_c1200_s100_h100x4_shared_full_full_reward_seed114,301,400,cpu_prevalidate_ValueError,1,100,0.01
4-pattern,114,added,20260627_4pattern_a18_cifar10_e5_p3500_c1200_s100_h100x4_shared_full_full_reward_seed114,301,400,cpu_prevalidate_NameError,1,100,0.01
4-pattern,114,added,20260627_4pattern_a18_cifar10_e5_p3500_c1200_s100_h100x4_shared_full_full_reward_seed114,401,500,syntax_template_or_format_failure,96,100,0.96
4-pattern,114,added,20260627_4pattern_a18_cifar10_e5_p3500_c1200_s100_h100x4_shared_full_full_reward_seed114,401,500,cpu_prevalidate_RuntimeError,4,100,0.04
4-pattern,114,added,20260627_4pattern_a18_cifar10_e5_p3500_c1200_s100_h100x4_shared_full_full_reward_seed114,501,600,syntax_template_or_format_failure,100,100,1
4-pattern,114,added,20260627_4pattern_a18_cifar10_e5_p3500_c1200_s100_h100x4_shared_full_full_reward_seed114,601,700,syntax_template_or_format_failure,100,100,1
4-pattern,114,added,20260627_4pattern_a18_cifar10_e5_p3500_c1200_s100_h100x4_shared_full_full_reward_seed114,701,800,syntax_template_or_format_failure,100,100,1
4-pattern,514,added,20260627_4pattern_a18_cifar10_e5_p3500_c1200_s100_h100x4_shared_full_full_reward_seed514,1,100,cpu_prevalidate_RuntimeError,33,100,0.33
4-pattern,514,added,20260627_4pattern_a18_cifar10_e5_p3500_c1200_s100_h100x4_shared_full_full_reward_seed514,1,100,cpu_prevalidate_NameError,24,100,0.24
4-pattern,514,added,20260627_4pattern_a18_cifar10_e5_p3500_c1200_s100_h100x4_shared_full_full_reward_seed514,1,100,cpu_prevalidate_AttributeError,13,100,0.13
4-pattern,514,added,20260627_4pattern_a18_cifar10_e5_p3500_c1200_s100_h100x4_shared_full_full_reward_seed514,1,100,build_or_prevalidation_failure,10,100,0.1
4-pattern,514,added,20260627_4pattern_a18_cifar10_e5_p3500_c1200_s100_h100x4_shared_full_full_reward_seed514,1,100,formal_success_target_mismatch,5,100,0.05
4-pattern,514,added,20260627_4pattern_a18_cifar10_e5_p3500_c1200_s100_h100x4_shared_full_full_reward_seed514,1,100,syntax_template_or_format_failure,5,100,0.05
4-pattern,514,added,20260627_4pattern_a18_cifar10_e5_p3500_c1200_s100_h100x4_shared_full_full_reward_seed514,1,100,cpu_prevalidate_ValueError,4,100,0.04
4-pattern,514,added,20260627_4pattern_a18_cifar10_e5_p3500_c1200_s100_h100x4_shared_full_full_reward_seed514,1,100,cpu_prevalidate_TypeError,3,100,0.03
4-pattern,514,added,20260627_4pattern_a18_cifar10_e5_p3500_c1200_s100_h100x4_shared_full_full_reward_seed514,1,100,cpu_prevalidate_KeyError,2,100,0.02
4-pattern,514,added,20260627_4pattern_a18_cifar10_e5_p3500_c1200_s100_h100x4_shared_full_full_reward_seed514,1,100,cpu_prevalidate_RecursionError,1,100,0.01
4-pattern,514,added,20260627_4pattern_a18_cifar10_e5_p3500_c1200_s100_h100x4_shared_full_full_reward_seed514,101,200,formal_success,37,100,0.37
4-pattern,514,added,20260627_4pattern_a18_cifar10_e5_p3500_c1200_s100_h100x4_shared_full_full_reward_seed514,101,200,formal_success_target_mismatch,21,100,0.21
4-pattern,514,added,20260627_4pattern_a18_cifar10_e5_p3500_c1200_s100_h100x4_shared_full_full_reward_seed514,101,200,cpu_prevalidate_AttributeError,14,100,0.14
4-pattern,514,added,20260627_4pattern_a18_cifar10_e5_p3500_c1200_s100_h100x4_shared_full_full_reward_seed514,101,200,cpu_prevalidate_NameError,9,100,0.09
4-pattern,514,added,20260627_4pattern_a18_cifar10_e5_p3500_c1200_s100_h100x4_shared_full_full_reward_seed514,101,200,cpu_prevalidate_ValueError,8,100,0.08
4-pattern,514,added,20260627_4pattern_a18_cifar10_e5_p3500_c1200_s100_h100x4_shared_full_full_reward_seed514,101,200,cpu_prevalidate_RuntimeError,6,100,0.06
4-pattern,514,added,20260627_4pattern_a18_cifar10_e5_p3500_c1200_s100_h100x4_shared_full_full_reward_seed514,101,200,build_or_prevalidation_failure,2,100,0.02
4-pattern,514,added,20260627_4pattern_a18_cifar10_e5_p3500_c1200_s100_h100x4_shared_full_full_reward_seed514,101,200,syntax_template_or_format_failure,1,100,0.01
4-pattern,514,added,20260627_4pattern_a18_cifar10_e5_p3500_c1200_s100_h100x4_shared_full_full_reward_seed514,101,200,cpu_prevalidate_TypeError,1,100,0.01
4-pattern,514,added,20260627_4pattern_a18_cifar10_e5_p3500_c1200_s100_h100x4_shared_full_full_reward_seed514,101,200,unclassified,1,100,0.01
4-pattern,514,added,20260627_4pattern_a18_cifar10_e5_p3500_c1200_s100_h100x4_shared_full_full_reward_seed514,201,300,formal_success,96,100,0.96
4-pattern,514,added,20260627_4pattern_a18_cifar10_e5_p3500_c1200_s100_h100x4_shared_full_full_reward_seed514,201,300,build_or_prevalidation_failure,1,100,0.01
4-pattern,514,added,20260627_4pattern_a18_cifar10_e5_p3500_c1200_s100_h100x4_shared_full_full_reward_seed514,201,300,cpu_prevalidate_ValueError,1,100,0.01
4-pattern,514,added,20260627_4pattern_a18_cifar10_e5_p3500_c1200_s100_h100x4_shared_full_full_reward_seed514,201,300,cpu_prevalidate_NameError,1,100,0.01
4-pattern,514,added,20260627_4pattern_a18_cifar10_e5_p3500_c1200_s100_h100x4_shared_full_full_reward_seed514,201,300,cpu_prevalidate_AttributeError,1,100,0.01
4-pattern,514,added,20260627_4pattern_a18_cifar10_e5_p3500_c1200_s100_h100x4_shared_full_full_reward_seed514,301,400,formal_success,98,100,0.98
4-pattern,514,added,20260627_4pattern_a18_cifar10_e5_p3500_c1200_s100_h100x4_shared_full_full_reward_seed514,301,400,cpu_prevalidate_RuntimeError,1,100,0.01
4-pattern,514,added,20260627_4pattern_a18_cifar10_e5_p3500_c1200_s100_h100x4_shared_full_full_reward_seed514,301,400,cpu_prevalidate_AttributeError,1,100,0.01
4-pattern,514,added,20260627_4pattern_a18_cifar10_e5_p3500_c1200_s100_h100x4_shared_full_full_reward_seed514,401,500,formal_success,98,100,0.98
4-pattern,514,added,20260627_4pattern_a18_cifar10_e5_p3500_c1200_s100_h100x4_shared_full_full_reward_seed514,401,500,cpu_prevalidate_AttributeError,1,100,0.01
4-pattern,514,added,20260627_4pattern_a18_cifar10_e5_p3500_c1200_s100_h100x4_shared_full_full_reward_seed514,401,500,formal_success_target_mismatch,1,100,0.01
4-pattern,514,added,20260627_4pattern_a18_cifar10_e5_p3500_c1200_s100_h100x4_shared_full_full_reward_seed514,501,600,formal_success,100,100,1
4-pattern,514,added,20260627_4pattern_a18_cifar10_e5_p3500_c1200_s100_h100x4_shared_full_full_reward_seed514,601,700,formal_success,100,100,1
4-pattern,514,added,20260627_4pattern_a18_cifar10_e5_p3500_c1200_s100_h100x4_shared_full_full_reward_seed514,701,800,formal_success,100,100,1
4-pattern,919,reserve_running,20260627_4pattern_a18_cifar10_e5_p3500_c1200_s100_h100x4_shared_full_full_reward_seed919,1,72,cpu_prevalidate_RuntimeError,26,72,0.36111111
4-pattern,919,reserve_running,20260627_4pattern_a18_cifar10_e5_p3500_c1200_s100_h100x4_shared_full_full_reward_seed919,1,72,cpu_prevalidate_AttributeError,21,72,0.29166667
4-pattern,919,reserve_running,20260627_4pattern_a18_cifar10_e5_p3500_c1200_s100_h100x4_shared_full_full_reward_seed919,1,72,build_or_prevalidation_failure,9,72,0.125
4-pattern,919,reserve_running,20260627_4pattern_a18_cifar10_e5_p3500_c1200_s100_h100x4_shared_full_full_reward_seed919,1,72,cpu_prevalidate_TypeError,6,72,0.083333333
4-pattern,919,reserve_running,20260627_4pattern_a18_cifar10_e5_p3500_c1200_s100_h100x4_shared_full_full_reward_seed919,1,72,cpu_prevalidate_ValueError,3,72,0.041666667
4-pattern,919,reserve_running,20260627_4pattern_a18_cifar10_e5_p3500_c1200_s100_h100x4_shared_full_full_reward_seed919,1,72,syntax_template_or_format_failure,2,72,0.027777778
4-pattern,919,reserve_running,20260627_4pattern_a18_cifar10_e5_p3500_c1200_s100_h100x4_shared_full_full_reward_seed919,1,72,cpu_prevalidate_NameError,2,72,0.027777778
4-pattern,919,reserve_running,20260627_4pattern_a18_cifar10_e5_p3500_c1200_s100_h100x4_shared_full_full_reward_seed919,1,72,cpu_prevalidate_RecursionError,2,72,0.027777778
4-pattern,919,reserve_running,20260627_4pattern_a18_cifar10_e5_p3500_c1200_s100_h100x4_shared_full_full_reward_seed919,1,72,cpu_prevalidate_NotImplementedError,1,72,0.013888889
