condition,seed,role,run_id,window_start,window_end,n,reward,test_acc,formal_reward_target_value,r_dense,r_formal_success_signal,r_target_structure_penalty,r_repeat_family,r_structure_group,r_structure_archive,r_descriptor_diversity,r_cnn_diversity,r_block_diversity,r_trainset_novelty,r_generalization,r_batch_elite,r_plain_fuse_penalty,r_template_penalty,r_no_progress_penalty
1-pattern,42,original,20260618_1pattern_a9_cifar10_e5_p3500_c1200_s100_h100x4_shared_full_full_reward_seed42,1,100,100,0.0928,0.87561087,0.4799269,0.080075694,0.25171717,-0.042424242,0,0.00224,0.0017857765,-0.082570313,-0.0770675,-0.04645,0.0044,-0.0065893333,0,0,-0.0015,0
1-pattern,42,original,20260618_1pattern_a9_cifar10_e5_p3500_c1200_s100_h100x4_shared_full_full_reward_seed42,101,200,100,0.30417776,0.875464,0.4799749,0.090081606,0.278,-0.01,-0.022,0.00336,0.0037588314,-0.11725,-0.1179,-0.0763,0.017,-0.008464,0.0022,-0.044,0,-0.0075
1-pattern,42,original,20260618_1pattern_a9_cifar10_e5_p3500_c1200_s100_h100x4_shared_full_full_reward_seed42,201,300,100,0.47060404,0.89424646,0.49067664,0.091102729,0.2772,0,-0.05445,0.00896,0.0095408607,-0.12495,-0.14662,-0.07055,0.0174,-0.0082017778,0.0065,-0.1089,0,-0.0126
1-pattern,42,original,20260618_1pattern_a9_cifar10_e5_p3500_c1200_s100_h100x4_shared_full_full_reward_seed42,301,400,100,0.50927917,0.90494316,0.49730468,0.088514225,0.266,-0.006,-0.05225,0.01708,0.017644106,-0.12225,-0.1066,-0.02565,0.0162,-0.0091271111,0.00635,-0.1045,0,-0.0135
1-pattern,42,original,20260618_1pattern_a9_cifar10_e5_p3500_c1200_s100_h100x4_shared_full_full_reward_seed42,401,500,100,0.65615867,0.9116125,0.5006426,0.090012473,0.2688,0,-0.0528,0.02212,0.022606112,-0.1218,-0.08946,0.0211,0.0172,-0.0080808889,0.00605,-0.1056,0,-0.0129
1-pattern,42,original,20260618_1pattern_a9_cifar10_e5_p3500_c1200_s100_h100x4_shared_full_full_reward_seed42,501,600,100,0.51909792,0.91273191,0.50142843,0.088268128,0.26585859,0,-0.05225,0.02184,0.022716994,-0.129,-0.11702,0.06285,0.0182,-0.007644,0.0056,-0.1045,0,-0.0174
1-pattern,42,original,20260618_1pattern_a9_cifar10_e5_p3500_c1200_s100_h100x4_shared_full_full_reward_seed42,601,700,100,0.52521447,0.91506531,0.50228888,0.091242742,0.27434343,-0.018181818,-0.05335,0.02352,0.023817245,-0.13435,-0.13922,0.05095,0.0184,-0.0084777778,0.0059,-0.1067,0,-0.0198
1-pattern,42,original,20260618_1pattern_a9_cifar10_e5_p3500_c1200_s100_h100x4_shared_full_full_reward_seed42,701,800,100,0.40521978,0.91347912,0.50154437,0.085514379,0.25737374,0,-0.05005,0.02128,0.021355237,-0.13105,-0.14352,0.05255,0.017,-0.010039111,0.00305,-0.1001,0,-0.0213
1-pattern,123,original,20260618_1pattern_a9_cifar10_e5_p3500_c1200_s100_h100x4_shared_full_full_reward_seed123,1,100,100,0.0671,0.89507416,0.49112242,0.078276566,0.24040404,-0.052525253,0,0.00952,0.0078874174,-0.083290313,-0.031165,-0.0423,0.0076,-0.0076608889,0,0,-0.002,0
1-pattern,123,original,20260618_1pattern_a9_cifar10_e5_p3500_c1200_s100_h100x4_shared_full_full_reward_seed123,101,200,100,0.29064857,0.88999388,0.48833824,0.089785802,0.2744,0,-0.02145,0.00756,0.0051776092,-0.1179,-0.09998,-0.08055,0.0106,-0.010441333,0.0021,-0.0429,-0.0005,-0.009
1-pattern,123,original,20260618_1pattern_a9_cifar10_e5_p3500_c1200_s100_h100x4_shared_full_full_reward_seed123,201,300,100,0.26466589,0.89692421,0.49223603,0.087697031,0.266,-0.02,-0.05225,0.01428,0.011768015,-0.12975,-0.15028,-0.1097,0.014,-0.010182667,0.007,-0.1045,0,-0.018
1-pattern,123,original,20260618_1pattern_a9_cifar10_e5_p3500_c1200_s100_h100x4_shared_full_full_reward_seed123,301,400,100,0.33326466,0.9013102,0.49510102,0.090070727,0.2716,-0.011,-0.05335,0.01722,0.01679126,-0.12808,-0.17532,-0.1167,0.017,-0.010984,0.00655,-0.1067,0,-0.0177
1-pattern,123,original,20260618_1pattern_a9_cifar10_e5_p3500_c1200_s100_h100x4_shared_full_full_reward_seed123,401,500,100,0.35959227,0.90540412,0.49732201,0.090449485,0.2716,0,-0.05335,0.02016,0.021627673,-0.13285,-0.16196,-0.11875,0.019,-0.012087111,0.0077,-0.1067,0,-0.0171
1-pattern,123,original,20260618_1pattern_a9_cifar10_e5_p3500_c1200_s100_h100x4_shared_full_full_reward_seed123,501,600,100,0.43207214,0.909212,0.49910053,0.093558331,0.28,0,-0.055,0.02296,0.02418901,-0.138,-0.15406,-0.10225,0.0196,-0.011898222,0.0049,-0.11,0,-0.0201
1-pattern,123,original,20260618_1pattern_a9_cifar10_e5_p3500_c1200_s100_h100x4_shared_full_full_reward_seed123,601,700,100,0.50923749,0.911114,0.50026515,0.093747939,0.28,0,-0.055,0.02352,0.024654757,-0.1335,-0.1145,-0.09375,0.0196,-0.010668444,0.00605,-0.11,0,-0.0162
1-pattern,123,original,20260618_1pattern_a9_cifar10_e5_p3500_c1200_s100_h100x4_shared_full_full_reward_seed123,701,800,100,0.43783515,0.911338,0.50043835,0.093778316,0.28,0,-0.055,0.02212,0.023355856,-0.143,-0.15812,-0.09285,0.0196,-0.011212,0.00405,-0.11,0,-0.0225
1-pattern,777,original,20260618_1pattern_a9_cifar10_e5_p3500_c1200_s100_h100x4_shared_full_full_reward_seed777,1,100,100,0.1539,0.88360674,0.48440399,0.0789951,0.2436,-0.052,0,0.00672,0.0060913587,-0.078401563,-0.0184475,-0.01575,0.0052,-0.0066933333,0,0,-0.0015,0
1-pattern,777,original,20260618_1pattern_a9_cifar10_e5_p3500_c1200_s100_h100x4_shared_full_full_reward_seed777,101,200,100,0.15160787,0.89185055,0.48955387,0.083584097,0.25737374,-0.032323232,-0.01925,0.00742,0.0077350471,-0.1001,-0.08038,-0.0731,0.0156,-0.010108889,0.00275,-0.0385,0,-0.0054
1-pattern,777,original,20260618_1pattern_a9_cifar10_e5_p3500_c1200_s100_h100x4_shared_full_full_reward_seed777,201,300,100,0.36574763,0.89458261,0.49114848,0.084724977,0.2576,-0.006,-0.04895,0.01029,0.010366972,-0.1231,-0.11952,-0.0602,0.0154,-0.008196,0.0067,-0.0979,-0.002,-0.0159
1-pattern,777,original,20260618_1pattern_a9_cifar10_e5_p3500_c1200_s100_h100x4_shared_full_full_reward_seed777,301,400,100,0.46467274,0.90495054,0.48574086,0.083720678,0.252,-0.014,-0.0473,0.01729,0.017586339,-0.1181,-0.10112,-0.03585,0.0168,-0.0075222222,0.0061,-0.0946,-0.0035,-0.0129
1-pattern,777,original,20260618_1pattern_a9_cifar10_e5_p3500_c1200_s100_h100x4_shared_full_full_reward_seed777,401,500,100,0.56009107,0.89961474,0.49336832,0.087857622,0.264,-0.006,-0.04895,0.01785,0.018214971,-0.1192,-0.12686,-0.0142,0.0186,-0.0067822222,0.0078,-0.0979,-0.0025,-0.0129
1-pattern,777,original,20260618_1pattern_a9_cifar10_e5_p3500_c1200_s100_h100x4_shared_full_full_reward_seed777,501,600,100,0.43138765,0.89461667,0.49109885,0.088385188,0.2668,-0.014,-0.04125,0.01729,0.016876136,-0.12475,-0.1572,-0.0194,0.0184,-0.0057933333,0.00845,-0.0825,-0.0105,-0.0153
1-pattern,777,original,20260618_1pattern_a9_cifar10_e5_p3500_c1200_s100_h100x4_shared_full_full_reward_seed777,601,700,100,0.40833568,0.89977849,0.49761231,0.085790265,0.2576,-0.024,-0.03685,0.01841,0.019283299,-0.1233,-0.14224,-0.01975,0.0194,-0.008356,0.00715,-0.07986,-0.0135,-0.0165
1-pattern,777,original,20260618_1pattern_a9_cifar10_e5_p3500_c1200_s100_h100x4_shared_full_full_reward_seed777,701,800,100,0.40860885,0.90657172,0.49781616,0.09135887,0.2744,-0.008,-0.03025,0.02107,0.022144162,-0.13845,-0.2039,-0.02545,0.0196,-0.0092151111,0.00495,-0.0605,-0.0215,-0.0225
1-pattern,114,added,20260627_1pattern_a9_cifar10_e5_p3500_c1200_s100_h100x4_shared_full_full_reward_seed114,1,100,100,-1.6737,0.883,0.4843,0,0,-0.58979592,0,0,0,-0.0003,0,0,0.0002,0,0,0,-0.0015,0
1-pattern,114,added,20260627_1pattern_a9_cifar10_e5_p3500_c1200_s100_h100x4_shared_full_full_reward_seed114,101,200,100,-1.00183,0.87472,0.47838794,0,0,-0.69795918,-0.01815,0,0,-0.04806,-0.04424,0,0.018,0,0,-0.0363,-0.0015,-0.0084
1-pattern,114,added,20260627_1pattern_a9_cifar10_e5_p3500_c1200_s100_h100x4_shared_full_full_reward_seed114,201,300,100,-0.8291,0.85634792,0.44371237,0,0,-0.802,-0.0418,0,0,-0.0851,-0.09828,0,0.0344,0,0,-0.14212,-0.011,-0.0102
1-pattern,114,added,20260627_1pattern_a9_cifar10_e5_p3500_c1200_s100_h100x4_shared_full_full_reward_seed114,301,400,100,-0.80054,0.85879,0.39551385,0,0,-0.8,-0.02695,0,0,-0.07796,-0.08438,0,0.0298,0,0,-0.2079,-0.0215,-0.0066
1-pattern,114,added,20260627_1pattern_a9_cifar10_e5_p3500_c1200_s100_h100x4_shared_full_full_reward_seed114,401,500,100,-0.828,0.85952577,0.41664461,0,0,-0.802,-0.05115,0,0,-0.08745,-0.10062,0,0.0382,0,0,-0.11154,-0.001,-0.0042
1-pattern,114,added,20260627_1pattern_a9_cifar10_e5_p3500_c1200_s100_h100x4_shared_full_full_reward_seed114,501,600,100,-0.8,0.85993,0.42816643,0,0,-0.8,-0.05335,0,0,-0.0917,-0.10592,0,0.0398,0,0,-0.11088,-0.0005,-0.0054
1-pattern,114,added,20260627_1pattern_a9_cifar10_e5_p3500_c1200_s100_h100x4_shared_full_full_reward_seed114,601,700,100,-0.8012,0.86557172,0.42524225,0,0,-0.8,-0.05335,0,0,-0.0862,-0.0903,0,0.0392,0,0,-0.11088,-0.0005,-0.0015
1-pattern,114,added,20260627_1pattern_a9_cifar10_e5_p3500_c1200_s100_h100x4_shared_full_full_reward_seed114,701,800,100,-0.8003,0.86810909,0.43725523,0,0,-0.8,-0.05335,0,0,-0.0832,-0.08284,0,0.0396,0,0,-0.1089,0,0
1-pattern,514,added,20260627_1pattern_a9_cifar10_e5_p3500_c1200_s100_h100x4_shared_full_full_reward_seed514,1,100,100,-0.2902,0.85175325,0.4049001,0.058606431,0.1876,-0.094,0,0,0,-0.070823438,-0.11025625,-0.07745,0.0154,-0.0063617778,0,0,-0.0015,0
1-pattern,514,added,20260627_1pattern_a9_cifar10_e5_p3500_c1200_s100_h100x4_shared_full_full_reward_seed514,101,200,100,0.23735,0.85292903,0.41091806,0.071806728,0.2296,-0.036,-0.0198,0,0,-0.0954,-0.1521,-0.1066,0.0186,-0.0037764444,0.005,-0.0396,-0.001,0
1-pattern,514,added,20260627_1pattern_a9_cifar10_e5_p3500_c1200_s100_h100x4_shared_full_full_reward_seed514,201,300,100,0.54303249,0.84907071,0.41697311,0.07766009,0.2492,0,-0.055,0,0,-0.10775,-0.17,-0.1157,0.02,-0.0082533333,0.0123,-0.11,0,0
1-pattern,514,added,20260627_1pattern_a9_cifar10_e5_p3500_c1200_s100_h100x4_shared_full_full_reward_seed514,301,400,100,0.44511776,0.85261031,0.4035116,0.073549608,0.24,0,-0.05335,0,0,-0.1051,-0.1649,-0.1092,0.0194,-0.0059071111,0.0127,-0.1067,0,0
1-pattern,514,added,20260627_1pattern_a9_cifar10_e5_p3500_c1200_s100_h100x4_shared_full_full_reward_seed514,401,500,100,0.5561483,0.85421,0.4287385,0.080568999,0.2576,0,-0.055,0,0,-0.107,-0.1666,-0.1196,0.02,-0.0038711111,0.0123,-0.11,0,0
1-pattern,514,added,20260627_1pattern_a9_cifar10_e5_p3500_c1200_s100_h100x4_shared_full_full_reward_seed514,501,600,100,0.58037472,0.873394,0.43557527,0.081701321,0.2548,0,-0.055,0.0042,0.00027416359,-0.10725,-0.13816,-0.1183,0.0144,-0.0084088889,0.00735,-0.11,0,0
1-pattern,514,added,20260627_1pattern_a9_cifar10_e5_p3500_c1200_s100_h100x4_shared_full_full_reward_seed514,601,700,100,0.49844939,0.89169,0.36190163,0.067830708,0.2072,0,-0.055,0.01008,0.00060676531,-0.1115,-0.1446,-0.0962,0.006,-0.0051026667,0.0097,-0.11,0,0
1-pattern,514,added,20260627_1pattern_a9_cifar10_e5_p3500_c1200_s100_h100x4_shared_full_full_reward_seed514,701,800,100,0.56806621,0.892982,0.4350914,0.081522609,0.2492,0,-0.055,0.01064,0.00059894287,-0.10775,-0.1405,-0.1157,0.0048,-0.0055742222,0.0125,-0.11,0,0
4-pattern,42,original,20260612_4pattern_a18_cifar10_e5_p3500_c1200_s100_l40s_excl_full_full_reward_seed42,1,100,100,0.23665667,0.8779899,0.48120083,0.089338529,0.2692,-0.036,0,0.03822,0.0095600923,-0.059235,0.02737125,0.01685,0.0064,-0.0052671111,0,0,-0.001,0
4-pattern,42,original,20260612_4pattern_a18_cifar10_e5_p3500_c1200_s100_l40s_excl_full_full_reward_seed42,101,200,100,0.47177741,0.88105361,0.48308052,0.087864365,0.2696,-0.03,-0.00385,0.04529,0.011840457,-0.087875938,0.00740875,-0.0105,0.011,-0.0050933333,0.00285,-0.0275,0,-0.0021
4-pattern,42,original,20260612_4pattern_a18_cifar10_e5_p3500_c1200_s100_l40s_excl_full_full_reward_seed42,201,300,100,0.6266589,0.89963789,0.49369671,0.087873022,0.25656566,-0.070707071,-0.0033,0.03983,0.01477086,-0.081216563,-0.00426,-0.03715,0.0178,-0.0054484444,0.0078,-0.0836,0,-0.0069
4-pattern,42,original,20260612_4pattern_a18_cifar10_e5_p3500_c1200_s100_l40s_excl_full_full_reward_seed42,301,400,100,0.76971034,0.90586939,0.49668515,0.091142719,0.2716,-0.006,-0.03465,0.04641,0.022874042,-0.089305313,-0.03177625,-0.004,0.0222,-0.0066862222,0.00695,-0.1034,0,-0.0159
4-pattern,42,original,20260612_4pattern_a18_cifar10_e5_p3500_c1200_s100_l40s_excl_full_full_reward_seed42,401,500,100,0.82186294,0.90571915,0.49634745,0.087267591,0.26585859,0,-0.00275,0.06552,0.04149827,-0.0987,0.0402275,0.0241,0.0366,-0.00028222222,0.00775,-0.1034,0,-0.0093
4-pattern,42,original,20260612_4pattern_a18_cifar10_e5_p3500_c1200_s100_l40s_excl_full_full_reward_seed42,501,600,100,1.0094514,0.919818,0.50451975,0.094255818,0.28,0,0,0.08918,0.05421363,-0.105,0.00306,0.0265,0.04,-0.00015333333,0.0073,-0.11,0,-0.0081
4-pattern,42,original,20260612_4pattern_a18_cifar10_e5_p3500_c1200_s100_l40s_excl_full_full_reward_seed42,601,700,100,0.87052596,0.917014,0.50299645,0.09398829,0.28,0,-0.033,0.07266,0.052249961,-0.1212,-0.0489,0.0291,0.04,-0.00021955556,0.00465,-0.11,0,-0.0207
4-pattern,42,original,20260612_4pattern_a18_cifar10_e5_p3500_c1200_s100_l40s_excl_full_full_reward_seed42,701,800,100,0.77977415,0.918482,0.50358852,0.094097429,0.28,0,-0.055,0.0623,0.051864408,-0.1332,-0.08526,0.0302,0.04,-0.000164,0.00145,-0.11,0,-0.0279
4-pattern,123,original,20260612_4pattern_a18_cifar10_e5_p3500_c1200_s100_h100x4_shared_full_full_reward_seed123,1,100,100,0.25285183,0.87327071,0.47838384,0.088857582,0.2752,-0.006,0,0.02142,0.0072398411,-0.06773125,0.02411875,0.01205,0.0092,-0.0054128889,0,0,-0.0005,0
4-pattern,123,original,20260612_4pattern_a18_cifar10_e5_p3500_c1200_s100_h100x4_shared_full_full_reward_seed123,101,200,100,0.49165334,0.88969697,0.48812682,0.090629635,0.2772,-0.008,-0.0099,0.03675,0.0070314465,-0.08928875,0.0186025,-0.0721,0.0098,-0.00822,0.00255,-0.0154,-0.0005,-0.0018
4-pattern,123,original,20260612_4pattern_a18_cifar10_e5_p3500_c1200_s100_h100x4_shared_full_full_reward_seed123,201,300,100,0.86828552,0.891242,0.48926877,0.091760433,0.278,-0.008,-0.0143,0.0462,0.011173163,-0.057523438,0.01189375,-0.06125,0.0104,-0.0098524444,0.0065,-0.0418,-0.0005,-0.0096
4-pattern,123,original,20260612_4pattern_a18_cifar10_e5_p3500_c1200_s100_h100x4_shared_full_full_reward_seed123,301,400,100,0.81585528,0.91751368,0.50368974,0.089641371,0.264,-0.028,-0.00605,0.07875,0.020206805,-0.0472,-0.05038,-0.02165,0.013,-0.012799556,0.00685,-0.0638,-0.0005,-0.0114
4-pattern,123,original,20260612_4pattern_a18_cifar10_e5_p3500_c1200_s100_h100x4_shared_full_full_reward_seed123,401,500,100,0.88969542,0.91914167,0.49936219,0.08974406,0.264,-0.018,-0.0022,0.105,0.015872613,-0.05605,-0.04566,-0.0137,0.0104,-0.010088889,0.0084,-0.0308,0,-0.009
4-pattern,123,original,20260612_4pattern_a18_cifar10_e5_p3500_c1200_s100_h100x4_shared_full_full_reward_seed123,501,600,100,0.91495493,0.91738586,0.50388124,0.093329051,0.2772,-0.008,-0.0176,0.09968,0.014784809,-0.09535,-0.0504,0.00155,0.0082,-0.0059982222,0.00915,-0.0352,0,-0.0057
4-pattern,123,original,20260612_4pattern_a18_cifar10_e5_p3500_c1200_s100_h100x4_shared_full_full_reward_seed123,601,700,100,0.84517306,0.91604565,0.5006503,0.086210767,0.2576,0,-0.0077,0.10374,0.017903799,-0.099,-0.06132,-0.00075,0.0134,-0.0034506667,0.00735,-0.0154,0,-0.0114
4-pattern,123,original,20260612_4pattern_a18_cifar10_e5_p3500_c1200_s100_h100x4_shared_full_full_reward_seed123,701,800,100,0.89815632,0.907675,0.50100318,0.090036716,0.2688,0,-0.0055,0.12768,0.017680864,-0.098,-0.09606,-0.0061,0.0116,-0.0045404444,0.00905,-0.011,0,-0.0102
4-pattern,777,original,20260612_4pattern_a18_cifar10_e5_p3500_c1200_s100_l40s_excl_full_full_reward_seed777,1,100,100,0.28599977,0.88185657,0.48224881,0.089577143,0.2772,-0.008,0,0.04536,0.012456121,-0.0667625,0.04320125,0.01975,0.0086,-0.0074382222,0,0,-0.0005,0
4-pattern,777,original,20260612_4pattern_a18_cifar10_e5_p3500_c1200_s100_l40s_excl_full_full_reward_seed777,101,200,100,0.3470403,0.88380412,0.48396394,0.088036361,0.27510204,-0.020408163,-0.0088,0.04116,0.006646297,-0.084365625,0.0149075,-0.0772,0.0088,-0.005596,0.002,0,0,-0.0057
4-pattern,777,original,20260612_4pattern_a18_cifar10_e5_p3500_c1200_s100_l40s_excl_full_full_reward_seed777,201,300,100,0.87126779,0.90109684,0.49387742,0.087921604,0.266,-0.016,-0.02695,0.0896,0.01565424,-0.086203125,0.0234575,-0.0442,0.0126,-0.0073924444,0.0073,0,0,-0.0057
4-pattern,777,original,20260612_4pattern_a18_cifar10_e5_p3500_c1200_s100_l40s_excl_full_full_reward_seed777,301,400,100,0.75861823,0.89206022,0.4890171,0.085239906,0.2630303,-0.0080808081,-0.0187,0.0693,0.011679229,-0.066125625,0.0134625,-0.0349,0.011,-0.0067831111,0.00595,-0.0011,0,-0.0102
4-pattern,777,original,20260612_4pattern_a18_cifar10_e5_p3500_c1200_s100_l40s_excl_full_full_reward_seed777,401,500,100,0.81726221,0.90476632,0.49556261,0.08822416,0.26868687,0,-0.03355,0.09128,0.019169088,-0.08625,0.0206,-0.06725,0.0156,-0.0090893333,0.0073,0,0,-0.0111
4-pattern,777,original,20260612_4pattern_a18_cifar10_e5_p3500_c1200_s100_l40s_excl_full_full_reward_seed777,501,600,100,0.96742301,0.90539381,0.49676149,0.090262882,0.2716,0,-0.01155,0.09709,0.017113365,-0.06485,0.02792,-0.0572,0.0142,-0.0088115556,0.00715,0,0,-0.0111
4-pattern,777,original,20260612_4pattern_a18_cifar10_e5_p3500_c1200_s100_l40s_excl_full_full_reward_seed777,601,700,100,0.93481798,0.9118268,0.49954776,0.090753452,0.2696,-0.03,-0.01375,0.10843,0.020293846,-0.05805,0.02024,-0.04925,0.0162,-0.0065466667,0.00815,0,0,-0.0111
4-pattern,777,original,20260612_4pattern_a18_cifar10_e5_p3500_c1200_s100_l40s_excl_full_full_reward_seed777,701,800,100,0.92444259,0.90543061,0.49593531,0.091022924,0.2744,-0.006,-0.00055,0.10283,0.016971928,-0.0464,0.01828,-0.0459,0.015,-0.0060884444,0.00705,0,0,-0.0156
4-pattern,114,added,20260627_4pattern_a18_cifar10_e5_p3500_c1200_s100_h100x4_shared_full_full_reward_seed114,1,100,100,-3.3746333,,,0,0,-0.95280899,0,0,0,0,0,0,0,0,0,0,-0.001,0
4-pattern,114,added,20260627_4pattern_a18_cifar10_e5_p3500_c1200_s100_h100x4_shared_full_full_reward_seed114,101,200,100,-1.25463,0.89635,0.4906525,0.0036753918,0.0032653061,-0.75714286,0,0,0,-0.00095,0,0,0.0012,-0.00017555556,0,0,-0.0075,0
4-pattern,114,added,20260627_4pattern_a18_cifar10_e5_p3500_c1200_s100_h100x4_shared_full_full_reward_seed114,201,300,100,-0.9343,,,0,0,-0.37070707,0,0,0,0,0,0,0,0,0,0,-0.003,0
4-pattern,114,added,20260627_4pattern_a18_cifar10_e5_p3500_c1200_s100_h100x4_shared_full_full_reward_seed114,301,400,100,-0.9265,,,0,0,-0.328,0,0,0,0,0,0,0,0,0,0,0,0
4-pattern,114,added,20260627_4pattern_a18_cifar10_e5_p3500_c1200_s100_h100x4_shared_full_full_reward_seed114,401,500,100,-0.8752,,,0,0,-0.328,0,0,0,0,0,0,0,0,0,0,-0.0005,0
4-pattern,114,added,20260627_4pattern_a18_cifar10_e5_p3500_c1200_s100_h100x4_shared_full_full_reward_seed114,501,600,100,-0.87,,,0,0,-0.3,0,0,0,0,0,0,0,0,0,0,0,0
4-pattern,114,added,20260627_4pattern_a18_cifar10_e5_p3500_c1200_s100_h100x4_shared_full_full_reward_seed114,601,700,100,-0.87,,,0,0,-0.3,0,0,0,0,0,0,0,0,0,0,0,0
4-pattern,114,added,20260627_4pattern_a18_cifar10_e5_p3500_c1200_s100_h100x4_shared_full_full_reward_seed114,701,800,100,-0.87,,,0,0,-0.3,0,0,0,0,0,0,0,0,0,0,0,0
4-pattern,514,added,20260627_4pattern_a18_cifar10_e5_p3500_c1200_s100_h100x4_shared_full_full_reward_seed514,1,100,100,-2.90317,0.76352,0.4169885,0.0039984084,0.0044444444,-0.94444444,0,0,0,-0.00071,0,0,0.002,-0.00022622222,0,0,-0.0105,0
4-pattern,514,added,20260627_4pattern_a18_cifar10_e5_p3500_c1200_s100_h100x4_shared_full_full_reward_seed514,101,200,100,-0.63148863,0.8468678,0.46349267,0.051501188,0.12285714,-0.36326531,-0.0011,0.00084,0.0011514643,-0.022133125,-0.03399,-0.03865,0.016,-0.0062488889,0.003,-0.03916,-0.003,-0.0048
4-pattern,514,added,20260627_4pattern_a18_cifar10_e5_p3500_c1200_s100_h100x4_shared_full_full_reward_seed514,201,300,100,0.34700872,0.85304375,0.46122906,0.083265173,0.26868687,-0.0080808081,0,0.00448,0.0026042224,-0.039509375,-0.13699875,-0.1235,0.0208,-0.0081871111,0.00745,-0.12144,-0.005,-0.0144
4-pattern,514,added,20260627_4pattern_a18_cifar10_e5_p3500_c1200_s100_h100x4_shared_full_full_reward_seed514,301,400,100,0.3346826,0.89355306,0.48494273,0.089110405,0.2716,0,-0.04345,0.01708,0.01745496,-0.11935,-0.20798,-0.1261,0.0196,-0.0072315556,0.00575,-0.1078,0,-0.018
4-pattern,514,added,20260627_4pattern_a18_cifar10_e5_p3500_c1200_s100_h100x4_shared_full_full_reward_seed514,401,500,100,0.28199118,0.90396364,0.49121995,0.091153152,0.2724,-0.018,-0.0539,0.01932,0.021103062,-0.13165,-0.23284,-0.1261,0.0198,-0.010004889,0.00565,-0.11088,-0.0005,-0.0174
4-pattern,514,added,20260627_4pattern_a18_cifar10_e5_p3500_c1200_s100_h100x4_shared_full_full_reward_seed514,501,600,100,0.22151311,0.900728,0.48469902,0.090869495,0.2744,0,-0.055,0.01736,0.01872413,-0.142,-0.2797,-0.1274,0.02,-0.012451556,0.00365,-0.11,0,-0.0222
4-pattern,514,added,20260627_4pattern_a18_cifar10_e5_p3500_c1200_s100_h100x4_shared_full_full_reward_seed514,601,700,100,0.35908134,0.907444,0.49339953,0.092518031,0.2772,0,-0.055,0.0224,0.023959857,-0.12275,-0.2122,-0.1287,0.02,-0.015104444,0.0093,-0.11,0,-0.0114
4-pattern,514,added,20260627_4pattern_a18_cifar10_e5_p3500_c1200_s100_h100x4_shared_full_full_reward_seed514,701,800,100,0.38924766,0.908974,0.49389328,0.092613819,0.2772,0,-0.055,0.02352,0.025005642,-0.11625,-0.1944,-0.1287,0.02,-0.016185778,0.0124,-0.11,0,-0.0069
4-pattern,919,reserve_running,20260627_4pattern_a18_cifar10_e5_p3500_c1200_s100_h100x4_shared_full_full_reward_seed919,1,72,72,-4.1167083,,,0,0,-0.94603175,0,0,0,0,0,0,0,0,0,0,-0.0034722222,0
