condition,seed,role,run_id,sample_path,completed,samples,all_formal,all_built,all_positive_reward,all_mean_acc,all_max_acc,all_mean_reward,final_n,final_formal,final_built,final_positive_reward,final_mean_acc,final_max_acc,final_mean_reward,final_family_top1,final_graph_top1,final_descriptor_top1,final_family_eff,final_graph_eff,final_descriptor_eff,dominant_outcome,dominant_outcome_count,dominant_family,dominant_graph,dominant_descriptor
1-pattern,42,original,20260618_1pattern_a9_cifar10_e5_p3500_c1200_s100_h100x4_shared_full_full_reward_seed42,/data/42-julia-hpc-ai-cv-students/s471802/nn-gpt-runs/parallel_runs/20260618_1pattern_a9_cifar10_e5_p3500_c1200_s100_h100x4_shared_full_full_reward_seed42/rl_output/generation_samples.jsonl,True,800,765,766,760,0.9004481,0.9394,0.43531898,100,91,91,91,0.91347912,0.9392,0.40521978,1,0.12087912,1,1,39.458735,1,formal_success,91,27413ccaf5b33052843a15c4a8706f691c3a77ae,0205f5a3b6e459a97dd841e585cd6fda99e2c325,d4|m1|bb2|fr1|st0|pr0|fu1|fan3
1-pattern,123,original,20260618_1pattern_a9_cifar10_e5_p3500_c1200_s100_h100x4_shared_full_full_reward_seed123,/data/42-julia-hpc-ai-cv-students/s471802/nn-gpt-runs/parallel_runs/20260618_1pattern_a9_cifar10_e5_p3500_c1200_s100_h100x4_shared_full_full_reward_seed123/rl_output/generation_samples.jsonl,True,800,777,780,771,0.90273668,0.9358,0.33680202,100,100,100,100,0.911338,0.9356,0.43783515,1,0.08,1,1,48.840816,1,formal_success,100,27413ccaf5b33052843a15c4a8706f691c3a77ae,21d9def001f33798c8de2470599cbfaad8cf53fc,d4|m1|bb2|fr1|st0|pr0|fu1|fan3
1-pattern,777,original,20260618_1pattern_a9_cifar10_e5_p3500_c1200_s100_h100x4_shared_full_full_reward_seed777,/data/42-julia-hpc-ai-cv-students/s471802/nn-gpt-runs/parallel_runs/20260618_1pattern_a9_cifar10_e5_p3500_c1200_s100_h100x4_shared_full_full_reward_seed777/rl_output/generation_samples.jsonl,True,800,748,750,737,0.89785374,0.9588,0.36804394,100,99,99,97,0.90657172,0.9588,0.40860885,0.55555556,0.1010101,0.97979798,2.1883451,35.995019,1.1194386,formal_success,97,27413ccaf5b33052843a15c4a8706f691c3a77ae,7198df5e1482d3d9807f7806a4ebde5073753110,d4|m1|bb2|fr1|st0|pr0|fu1|fan3
1-pattern,114,added,20260627_1pattern_a9_cifar10_e5_p3500_c1200_s100_h100x4_shared_full_full_reward_seed114,/data/42-julia-hpc-ai-cv-students/s471802/nn-gpt-runs/parallel_runs/20260627_1pattern_a9_cifar10_e5_p3500_c1200_s100_h100x4_shared_full_full_reward_seed114/rl_output/generation_samples.jsonl,True,800,637,637,0,0.86254694,0.9396,-0.94183375,100,99,99,0,0.86828485,0.9276,-0.8003,0.97979798,0.42424242,1,1.1038723,3.845142,1,target_structure_dead_block,99,b247b58babcd9bf13860a6653973668a33f2748c,1b2dd23b5c27e1bba4b3cc94ab75de109af1d119,d4|m1|bb2|fr0|st0|pr0|fu1|fan3
1-pattern,514,added,20260627_1pattern_a9_cifar10_e5_p3500_c1200_s100_h100x4_shared_full_full_reward_seed514,/data/42-julia-hpc-ai-cv-students/s471802/nn-gpt-runs/parallel_runs/20260627_1pattern_a9_cifar10_e5_p3500_c1200_s100_h100x4_shared_full_full_reward_seed514/rl_output/generation_samples.jsonl,True,800,766,767,746,0.86533473,0.9224,0.39229236,100,100,100,100,0.892308,0.92,0.56806621,1,0.38,1,1,2.9384193,1,formal_success,100,27413ccaf5b33052843a15c4a8706f691c3a77ae,88c2c463495ed993b2748e7b52348d35236266fe,d4|m1|bb2|fr1|st0|pr0|fu1|fan3
4-pattern,42,original,20260612_4pattern_a18_cifar10_e5_p3500_c1200_s100_l40s_excl_full_full_reward_seed42,/data/42-julia-hpc-ai-cv-students/s471802/nn-gpt-runs/parallel_runs/20260612_4pattern_a18_cifar10_e5_p3500_c1200_s100_l40s_excl_full_full_reward_seed42/rl_output/generation_samples.jsonl,True,800,782,784,770,0.90324317,0.9382,0.69830222,100,100,100,100,0.918482,0.934,0.77977415,1,0.09,1,1,40.038196,1,formal_success,100,3a105335992a8723a61425270a7947cd2c10681c,207b8c46d12ca164625b260efc993ba9ea783a7a,d5|m1|bb2|fr1|st0|pr0|fu1|fan3
4-pattern,123,original,20260612_4pattern_a18_cifar10_e5_p3500_c1200_s100_h100x4_shared_full_full_reward_seed123,/data/42-julia-hpc-ai-cv-students/s471802/nn-gpt-runs/parallel_runs/20260612_4pattern_a18_cifar10_e5_p3500_c1200_s100_h100x4_shared_full_full_reward_seed123/rl_output/generation_samples.jsonl,True,800,776,790,770,0.90386289,0.9476,0.74707821,100,96,98,94,0.90758542,0.9376,0.89815632,0.40625,0.17708333,0.5625,4.326783,19.180659,3.1033294,formal_success,94,9f8b7585e7798a0498472eb0d4816ef2c82669d4,6ddf48283ed092781eace74a84f456f2d2599202,d6|m1|bb3|fr1|st0|pr0|fu1|fan3
4-pattern,777,original,20260612_4pattern_a18_cifar10_e5_p3500_c1200_s100_l40s_excl_full_full_reward_seed777,/data/42-julia-hpc-ai-cv-students/s471802/nn-gpt-runs/parallel_runs/20260612_4pattern_a18_cifar10_e5_p3500_c1200_s100_l40s_excl_full_full_reward_seed777/rl_output/generation_samples.jsonl,True,800,771,774,769,0.89834734,0.952,0.73835898,100,98,98,98,0.90543061,0.945,0.92444259,0.59183673,0.040816327,0.59183673,2.6403591,74.107563,2.5571142,formal_success,98,aa8a1d87fcbfb8c73768c46495e97adfdc6c2b42,42f6a5d4bbd8be96aace723421f3ef9d5a6913eb,d6|m1|bb2|fr3|st0|pr0|fu1|fan3
4-pattern,114,added,20260627_4pattern_a18_cifar10_e5_p3500_c1200_s100_h100x4_shared_full_full_reward_seed114,/data/42-julia-hpc-ai-cv-students/s471802/nn-gpt-runs/parallel_runs/20260627_4pattern_a18_cifar10_e5_p3500_c1200_s100_h100x4_shared_full_full_reward_seed114/rl_output/generation_samples.jsonl,True,800,4,4,0,0.89635,0.9314,-1.2469079,100,0,0,0,,,-0.87,1,1,1,1,1,1,syntax_template_or_format_failure,100,805371c231e22a274dce4d3d09c8cf80997013f2,7792b7387c4f1638c5b48f0d0ed12cef12448398,d0|m0|bb0|fr0|st0|pr0|fu0|fan1
4-pattern,514,added,20260627_4pattern_a18_cifar10_e5_p3500_c1200_s100_h100x4_shared_full_full_reward_seed514,/data/42-julia-hpc-ai-cv-students/s471802/nn-gpt-runs/parallel_runs/20260627_4pattern_a18_cifar10_e5_p3500_c1200_s100_h100x4_shared_full_full_reward_seed514/rl_output/generation_samples.jsonl,True,800,656,657,629,0.8895656,0.922,-0.20014175,100,100,100,100,0.909006,0.922,0.38924766,1,0.84,1,1,1.7342472,1,formal_success,100,27413ccaf5b33052843a15c4a8706f691c3a77ae,7de4410fc843d627519c0c5c19207c43d9b9b71d,d4|m1|bb2|fr1|st0|pr0|fu1|fan3
4-pattern,919,reserve_running,20260627_4pattern_a18_cifar10_e5_p3500_c1200_s100_h100x4_shared_full_full_reward_seed919,/data/42-julia-hpc-ai-cv-students/s471802/nn-gpt-runs/parallel_runs/20260627_4pattern_a18_cifar10_e5_p3500_c1200_s100_h100x4_shared_full_full_reward_seed919/rl_output/generation_samples.jsonl,False,72,0,0,0,,,-4.1167083,72,0,0,0,,,-4.1167083,0.14285714,0.14285714,0.15873016,30.326661,35.634963,23.645112,cpu_prevalidate_RuntimeError,26,4894359936c9a5725f2a1ead5906a4170707fb66,6f4f987c0b56bd5391621943a3b493b99f75e694,d4|m1|bb0|fr1|st0|pr0|fu1|fan3
