condition,seed,role,run_id,window_start,window_end,n,built,formal,positive_reward,mean_acc,max_acc,mean_reward,family_top1,graph_top1,descriptor_top1,family_eff,graph_eff,descriptor_eff,dominant_failure,dominant_failure_count,dominant_family,dominant_graph,dominant_descriptor
1-pattern,42,original,20260618_1pattern_a9_cifar10_e5_p3500_c1200_s100_h100x4_shared_full_full_reward_seed42,1,100,100,92,92,89,0.87609348,0.9294,0.0928,0.9673913,0.20652174,0.9673913,1.1787474,14.070964,1.1787474,formal_success,89,27413ccaf5b33052843a15c4a8706f691c3a77ae,f31d8d8d183b287e4e530010816779158db1f2d6,d4|m1|bb2|fr1|st0|pr0|fu1|fan3
1-pattern,42,original,20260618_1pattern_a9_cifar10_e5_p3500_c1200_s100_h100x4_shared_full_full_reward_seed42,101,200,100,100,100,99,0.875138,0.9242,0.30417776,1,0.17,1,1,25.18959,1,formal_success,99,27413ccaf5b33052843a15c4a8706f691c3a77ae,eced17c21fabfc9501d378199ea9889b45f7690e,d4|m1|bb2|fr1|st0|pr0|fu1|fan3
1-pattern,42,original,20260618_1pattern_a9_cifar10_e5_p3500_c1200_s100_h100x4_shared_full_full_reward_seed42,201,300,100,99,99,99,0.89463838,0.9354,0.47060404,1,0.34343434,1,1,15.131873,1,formal_success,99,27413ccaf5b33052843a15c4a8706f691c3a77ae,eced17c21fabfc9501d378199ea9889b45f7690e,d4|m1|bb2|fr1|st0|pr0|fu1|fan3
1-pattern,42,original,20260618_1pattern_a9_cifar10_e5_p3500_c1200_s100_h100x4_shared_full_full_reward_seed42,301,400,100,95,95,95,0.90563158,0.9366,0.50927917,1,0.094736842,1,1,30.452597,1,formal_success,95,27413ccaf5b33052843a15c4a8706f691c3a77ae,227e3e47d80f46969372bc6b042a1f307b7c12e9,d4|m1|bb2|fr1|st0|pr0|fu1|fan3
1-pattern,42,original,20260618_1pattern_a9_cifar10_e5_p3500_c1200_s100_h100x4_shared_full_full_reward_seed42,401,500,100,96,96,96,0.9117125,0.9368,0.65615867,1,0.09375,1,1,42.85963,1,formal_success,96,27413ccaf5b33052843a15c4a8706f691c3a77ae,0205f5a3b6e459a97dd841e585cd6fda99e2c325,d4|m1|bb2|fr1|st0|pr0|fu1|fan3
1-pattern,42,original,20260618_1pattern_a9_cifar10_e5_p3500_c1200_s100_h100x4_shared_full_full_reward_seed42,501,600,100,95,94,94,0.91273191,0.9394,0.51909792,1,0.095744681,1,1,45.157555,1,formal_success,94,27413ccaf5b33052843a15c4a8706f691c3a77ae,1797bceff98aada27becf1641cbe8a17ec39f915,d4|m1|bb2|fr1|st0|pr0|fu1|fan3
1-pattern,42,original,20260618_1pattern_a9_cifar10_e5_p3500_c1200_s100_h100x4_shared_full_full_reward_seed42,601,700,100,98,98,97,0.91506531,0.9372,0.52521447,0.98979592,0.091836735,0.98979592,1.0585894,49.449079,1.0585894,formal_success,97,27413ccaf5b33052843a15c4a8706f691c3a77ae,0205f5a3b6e459a97dd841e585cd6fda99e2c325,d4|m1|bb2|fr1|st0|pr0|fu1|fan3
1-pattern,42,original,20260618_1pattern_a9_cifar10_e5_p3500_c1200_s100_h100x4_shared_full_full_reward_seed42,701,800,100,91,91,91,0.91347912,0.9392,0.40521978,1,0.12087912,1,1,39.458735,1,formal_success,91,27413ccaf5b33052843a15c4a8706f691c3a77ae,0205f5a3b6e459a97dd841e585cd6fda99e2c325,d4|m1|bb2|fr1|st0|pr0|fu1|fan3
1-pattern,123,original,20260618_1pattern_a9_cifar10_e5_p3500_c1200_s100_h100x4_shared_full_full_reward_seed123,1,100,100,92,89,85,0.8953191,0.9342,0.0671,0.95505618,0.15730337,0.95505618,1.2012341,32.219765,1.2012341,formal_success,85,27413ccaf5b33052843a15c4a8706f691c3a77ae,4baea76b735a64a0619be1efbca7c1056f5fc0cc,d4|m1|bb2|fr1|st0|pr0|fu1|fan3
1-pattern,123,original,20260618_1pattern_a9_cifar10_e5_p3500_c1200_s100_h100x4_shared_full_full_reward_seed123,101,200,100,98,98,97,0.89031633,0.9218,0.29064857,1,0.091836735,1,1,35.22439,1,formal_success,97,27413ccaf5b33052843a15c4a8706f691c3a77ae,4baea76b735a64a0619be1efbca7c1056f5fc0cc,d4|m1|bb2|fr1|st0|pr0|fu1|fan3
1-pattern,123,original,20260618_1pattern_a9_cifar10_e5_p3500_c1200_s100_h100x4_shared_full_full_reward_seed123,201,300,100,95,95,95,0.89631368,0.9358,0.26466589,1,0.12631579,1,1,26.029481,1,formal_success,95,27413ccaf5b33052843a15c4a8706f691c3a77ae,c04449f1e29166eb7d108656da1a9b1a3331f013,d4|m1|bb2|fr1|st0|pr0|fu1|fan3
1-pattern,123,original,20260618_1pattern_a9_cifar10_e5_p3500_c1200_s100_h100x4_shared_full_full_reward_seed123,301,400,100,98,98,97,0.90153061,0.9284,0.33326466,0.98979592,0.18367347,0.97959184,1.0585894,19.982962,1.1204935,formal_success,97,27413ccaf5b33052843a15c4a8706f691c3a77ae,083dc571e66b7d96e57c309587f5af26ca909e12,d4|m1|bb2|fr1|st0|pr0|fu1|fan3
1-pattern,123,original,20260618_1pattern_a9_cifar10_e5_p3500_c1200_s100_h100x4_shared_full_full_reward_seed123,401,500,100,97,97,97,0.90574227,0.9308,0.35959227,1,0.11340206,1,1,26.551393,1,formal_success,97,27413ccaf5b33052843a15c4a8706f691c3a77ae,21d9def001f33798c8de2470599cbfaad8cf53fc,d4|m1|bb2|fr1|st0|pr0|fu1|fan3
1-pattern,123,original,20260618_1pattern_a9_cifar10_e5_p3500_c1200_s100_h100x4_shared_full_full_reward_seed123,501,600,100,100,100,100,0.90891,0.931,0.43207214,1,0.22,1,1,29.068638,1,formal_success,100,27413ccaf5b33052843a15c4a8706f691c3a77ae,21d9def001f33798c8de2470599cbfaad8cf53fc,d4|m1|bb2|fr1|st0|pr0|fu1|fan3
1-pattern,123,original,20260618_1pattern_a9_cifar10_e5_p3500_c1200_s100_h100x4_shared_full_full_reward_seed123,601,700,100,100,100,100,0.911104,0.934,0.50923749,1,0.06,1,1,42.924324,1,formal_success,100,27413ccaf5b33052843a15c4a8706f691c3a77ae,1a14f377c22f1bd204be189d301dc52c0dfe118c,d4|m1|bb2|fr1|st0|pr0|fu1|fan3
1-pattern,123,original,20260618_1pattern_a9_cifar10_e5_p3500_c1200_s100_h100x4_shared_full_full_reward_seed123,701,800,100,100,100,100,0.911338,0.9356,0.43783515,1,0.08,1,1,48.840816,1,formal_success,100,27413ccaf5b33052843a15c4a8706f691c3a77ae,21d9def001f33798c8de2470599cbfaad8cf53fc,d4|m1|bb2|fr1|st0|pr0|fu1|fan3
1-pattern,777,original,20260618_1pattern_a9_cifar10_e5_p3500_c1200_s100_h100x4_shared_full_full_reward_seed777,1,100,100,90,89,87,0.88360674,0.9182,0.1539,0.96629213,0.16853933,0.96629213,1.1839535,28.850757,1.1839535,formal_success,87,27413ccaf5b33052843a15c4a8706f691c3a77ae,6e9de43f82b97bd73a5c6c9783021af116da2d0b,d4|m1|bb2|fr1|st0|pr0|fu1|fan3
1-pattern,777,original,20260618_1pattern_a9_cifar10_e5_p3500_c1200_s100_h100x4_shared_full_full_reward_seed777,101,200,100,91,91,91,0.89185055,0.9366,0.15160787,0.96703297,0.25274725,0.96703297,1.1985676,25.311969,1.180447,formal_success,91,27413ccaf5b33052843a15c4a8706f691c3a77ae,eced17c21fabfc9501d378199ea9889b45f7690e,d4|m1|bb2|fr1|st0|pr0|fu1|fan3
1-pattern,777,original,20260618_1pattern_a9_cifar10_e5_p3500_c1200_s100_h100x4_shared_full_full_reward_seed777,201,300,100,92,92,92,0.89480217,0.932,0.36574763,0.9673913,0.14130435,1,1.1545336,29.149452,1,formal_success,92,27413ccaf5b33052843a15c4a8706f691c3a77ae,eced17c21fabfc9501d378199ea9889b45f7690e,d4|m1|bb2|fr1|st0|pr0|fu1|fan3
1-pattern,777,original,20260618_1pattern_a9_cifar10_e5_p3500_c1200_s100_h100x4_shared_full_full_reward_seed777,301,400,100,93,93,92,0.90388172,0.9356,0.46467274,0.92473118,0.086021505,0.98924731,1.3470652,41.425712,1.0612339,formal_success,92,27413ccaf5b33052843a15c4a8706f691c3a77ae,b106617c3b6d425d34bc62ac23ec0b589f26e88f,d4|m1|bb2|fr1|st0|pr0|fu1|fan3
1-pattern,777,original,20260618_1pattern_a9_cifar10_e5_p3500_c1200_s100_h100x4_shared_full_full_reward_seed777,401,500,100,95,95,94,0.89962947,0.9392,0.56009107,0.93684211,0.084210526,0.98947368,1.3021622,41.723651,1.0601456,formal_success,94,27413ccaf5b33052843a15c4a8706f691c3a77ae,227e3e47d80f46969372bc6b042a1f307b7c12e9,d4|m1|bb2|fr1|st0|pr0|fu1|fan3
1-pattern,777,original,20260618_1pattern_a9_cifar10_e5_p3500_c1200_s100_h100x4_shared_full_full_reward_seed777,501,600,100,96,96,94,0.89461667,0.9366,0.43138765,0.78125,0.09375,0.98958333,1.7633223,38.426376,1.059617,formal_success,94,27413ccaf5b33052843a15c4a8706f691c3a77ae,250500a022a57f993b9a7a626b1e0bba59ef2d02,d4|m1|bb2|fr1|st0|pr0|fu1|fan3
1-pattern,777,original,20260618_1pattern_a9_cifar10_e5_p3500_c1200_s100_h100x4_shared_full_full_reward_seed777,601,700,100,94,93,90,0.9066,0.937,0.40833568,0.70967742,0.075268817,0.96774194,2.0631766,52.968163,1.1770821,formal_success,90,27413ccaf5b33052843a15c4a8706f691c3a77ae,250500a022a57f993b9a7a626b1e0bba59ef2d02,d4|m1|bb2|fr1|st0|pr0|fu1|fan3
1-pattern,777,original,20260618_1pattern_a9_cifar10_e5_p3500_c1200_s100_h100x4_shared_full_full_reward_seed777,701,800,100,99,99,97,0.90657172,0.9588,0.40860885,0.55555556,0.1010101,0.97979798,2.1883451,35.995019,1.1194386,formal_success,97,27413ccaf5b33052843a15c4a8706f691c3a77ae,7198df5e1482d3d9807f7806a4ebde5073753110,d4|m1|bb2|fr1|st0|pr0|fu1|fan3
1-pattern,114,added,20260627_1pattern_a9_cifar10_e5_p3500_c1200_s100_h100x4_shared_full_full_reward_seed114,1,100,100,1,1,0,0.883,0.883,-1.6737,1,1,1,1,1,1,cpu_prevalidate_RuntimeError,55,142467ffad2a6177ec061b0826781593d36f41eb,d84194499ea589c38cd0c191ee42fb81c83a42f9,d4|m1|bb2|fr0|st0|pr0|fu1|fan3
1-pattern,114,added,20260627_1pattern_a9_cifar10_e5_p3500_c1200_s100_h100x4_shared_full_full_reward_seed114,101,200,100,45,45,0,0.87437778,0.9396,-1.00183,0.95555556,0.53333333,0.97777778,1.236923,3.2137363,1.1124513,target_structure_dead_block,45,b247b58babcd9bf13860a6653973668a33f2748c,9119149ca7a9ef52355918cfeceec75b8859c2f2,d4|m1|bb2|fr0|st0|pr0|fu1|fan3
1-pattern,114,added,20260627_1pattern_a9_cifar10_e5_p3500_c1200_s100_h100x4_shared_full_full_reward_seed114,201,300,100,96,96,0,0.85628125,0.9386,-0.8291,0.79166667,0.66666667,0.79166667,1.6681914,3.0032206,1.6681914,target_structure_dead_block,96,b247b58babcd9bf13860a6653973668a33f2748c,1b2dd23b5c27e1bba4b3cc94ab75de109af1d119,d4|m1|bb2|fr0|st0|pr0|fu1|fan3
1-pattern,114,added,20260627_1pattern_a9_cifar10_e5_p3500_c1200_s100_h100x4_shared_full_full_reward_seed114,301,400,100,100,100,0,0.85997,0.8832,-0.80054,0.49,0.41,0.49,2.4955443,4.4443348,2.4955443,target_structure_dead_block,100,b247b58babcd9bf13860a6653973668a33f2748c,1b2dd23b5c27e1bba4b3cc94ab75de109af1d119,d4|m1|bb2|fr0|st0|pr0|fu1|fan3
1-pattern,114,added,20260627_1pattern_a9_cifar10_e5_p3500_c1200_s100_h100x4_shared_full_full_reward_seed114,401,500,100,97,97,0,0.85938144,0.891,-0.828,0.95876289,0.73195876,0.95876289,1.2395286,2.4596485,1.2395286,target_structure_dead_block,97,b247b58babcd9bf13860a6653973668a33f2748c,1b2dd23b5c27e1bba4b3cc94ab75de109af1d119,d4|m1|bb2|fr0|st0|pr0|fu1|fan3
1-pattern,114,added,20260627_1pattern_a9_cifar10_e5_p3500_c1200_s100_h100x4_shared_full_full_reward_seed114,501,600,100,100,100,0,0.860006,0.8868,-0.8,0.97,0.66,0.98,1.1825824,2.6566957,1.1184033,target_structure_dead_block,100,b247b58babcd9bf13860a6653973668a33f2748c,1b2dd23b5c27e1bba4b3cc94ab75de109af1d119,d4|m1|bb2|fr0|st0|pr0|fu1|fan3
1-pattern,114,added,20260627_1pattern_a9_cifar10_e5_p3500_c1200_s100_h100x4_shared_full_full_reward_seed114,601,700,100,99,99,0,0.86557172,0.9072,-0.8012,0.97979798,0.57575758,0.98989899,1.1194386,3.0678602,1.0580898,target_structure_dead_block,99,b247b58babcd9bf13860a6653973668a33f2748c,1b2dd23b5c27e1bba4b3cc94ab75de109af1d119,d4|m1|bb2|fr0|st0|pr0|fu1|fan3
1-pattern,114,added,20260627_1pattern_a9_cifar10_e5_p3500_c1200_s100_h100x4_shared_full_full_reward_seed114,701,800,100,99,99,0,0.86828485,0.9276,-0.8003,0.97979798,0.42424242,1,1.1038723,3.845142,1,target_structure_dead_block,99,b247b58babcd9bf13860a6653973668a33f2748c,1b2dd23b5c27e1bba4b3cc94ab75de109af1d119,d4|m1|bb2|fr0|st0|pr0|fu1|fan3
1-pattern,514,added,20260627_1pattern_a9_cifar10_e5_p3500_c1200_s100_h100x4_shared_full_full_reward_seed514,1,100,100,77,77,67,0.85211948,0.8782,-0.2902,1,0.98701299,1,1,1.0717742,1,formal_success,67,27413ccaf5b33052843a15c4a8706f691c3a77ae,cdba42804695c4923243e87ae079af7fc26a0ff3,d4|m1|bb2|fr1|st0|pr0|fu1|fan3
1-pattern,514,added,20260627_1pattern_a9_cifar10_e5_p3500_c1200_s100_h100x4_shared_full_full_reward_seed514,101,200,100,93,93,83,0.85276989,0.876,0.23735,1,0.98924731,1,1,1.0612339,1,formal_success,83,27413ccaf5b33052843a15c4a8706f691c3a77ae,cdba42804695c4923243e87ae079af7fc26a0ff3,d4|m1|bb2|fr1|st0|pr0|fu1|fan3
1-pattern,514,added,20260627_1pattern_a9_cifar10_e5_p3500_c1200_s100_h100x4_shared_full_full_reward_seed514,201,300,100,100,99,99,0.84903232,0.8804,0.54303249,1,1,1,1,1,1,formal_success,99,27413ccaf5b33052843a15c4a8706f691c3a77ae,cdba42804695c4923243e87ae079af7fc26a0ff3,d4|m1|bb2|fr1|st0|pr0|fu1|fan3
1-pattern,514,added,20260627_1pattern_a9_cifar10_e5_p3500_c1200_s100_h100x4_shared_full_full_reward_seed514,301,400,100,97,97,97,0.85228041,0.8812,0.44511776,1,1,1,1,1,1,formal_success,97,27413ccaf5b33052843a15c4a8706f691c3a77ae,cdba42804695c4923243e87ae079af7fc26a0ff3,d4|m1|bb2|fr1|st0|pr0|fu1|fan3
1-pattern,514,added,20260627_1pattern_a9_cifar10_e5_p3500_c1200_s100_h100x4_shared_full_full_reward_seed514,401,500,100,100,100,100,0.853906,0.8824,0.5561483,1,0.98,1,1,1.1030059,1,formal_success,100,27413ccaf5b33052843a15c4a8706f691c3a77ae,cdba42804695c4923243e87ae079af7fc26a0ff3,d4|m1|bb2|fr1|st0|pr0|fu1|fan3
1-pattern,514,added,20260627_1pattern_a9_cifar10_e5_p3500_c1200_s100_h100x4_shared_full_full_reward_seed514,501,600,100,100,100,100,0.87416,0.9224,0.58037472,1,0.42,1,1,3.579914,1,formal_success,100,27413ccaf5b33052843a15c4a8706f691c3a77ae,cdba42804695c4923243e87ae079af7fc26a0ff3,d4|m1|bb2|fr1|st0|pr0|fu1|fan3
1-pattern,514,added,20260627_1pattern_a9_cifar10_e5_p3500_c1200_s100_h100x4_shared_full_full_reward_seed514,601,700,100,100,100,100,0.891628,0.9212,0.49844939,1,0.36,1,1,2.9915199,1,formal_success,100,27413ccaf5b33052843a15c4a8706f691c3a77ae,88c2c463495ed993b2748e7b52348d35236266fe,d4|m1|bb2|fr1|st0|pr0|fu1|fan3
1-pattern,514,added,20260627_1pattern_a9_cifar10_e5_p3500_c1200_s100_h100x4_shared_full_full_reward_seed514,701,800,100,100,100,100,0.892308,0.92,0.56806621,1,0.38,1,1,2.9384193,1,formal_success,100,27413ccaf5b33052843a15c4a8706f691c3a77ae,88c2c463495ed993b2748e7b52348d35236266fe,d4|m1|bb2|fr1|st0|pr0|fu1|fan3
4-pattern,42,original,20260612_4pattern_a18_cifar10_e5_p3500_c1200_s100_l40s_excl_full_full_reward_seed42,1,100,100,99,99,95,0.8779899,0.935,0.23665667,0.42424242,0.080808081,0.42424242,4.6246422,67.119117,3.5310224,formal_success,95,138645fcd51fa1cb13b8ee337468cbc2ca2a4444,cc4bba942f681496418d2e24827d077dc0c4b454,d8|m1|bb4|fr2|st0|pr0|fu1|fan3
4-pattern,42,original,20260612_4pattern_a18_cifar10_e5_p3500_c1200_s100_l40s_excl_full_full_reward_seed42,101,200,100,97,97,96,0.88117732,0.935,0.47177741,0.40206186,0.06185567,0.40206186,4.290475,62.382219,3.75655,formal_success,96,27413ccaf5b33052843a15c4a8706f691c3a77ae,ed12f2fe89d2c76e317e0b7dd1d09b3ec1f27b1a,d4|m1|bb2|fr1|st0|pr0|fu1|fan3
4-pattern,42,original,20260612_4pattern_a18_cifar10_e5_p3500_c1200_s100_l40s_excl_full_full_reward_seed42,201,300,100,95,95,89,0.89963579,0.9382,0.6266589,0.78947368,0.042105263,0.47368421,2.198275,67.783356,3.7396723,formal_success,89,27413ccaf5b33052843a15c4a8706f691c3a77ae,63737a5af70a9f4be94d08285f0f3da449f87d70,d4|m1|bb2|fr1|st0|pr0|fu1|fan3
4-pattern,42,original,20260612_4pattern_a18_cifar10_e5_p3500_c1200_s100_l40s_excl_full_full_reward_seed42,301,400,100,99,97,97,0.90527551,0.935,0.76971034,0.8556701,0.020618557,0.82474227,1.7146005,85.292432,1.7911574,formal_success,97,27413ccaf5b33052843a15c4a8706f691c3a77ae,e30d8b6602d00f67bc66db09c0ec2a6a7d03ed3f,d5|m1|bb2|fr1|st0|pr0|fu1|fan3
4-pattern,42,original,20260612_4pattern_a18_cifar10_e5_p3500_c1200_s100_l40s_excl_full_full_reward_seed42,401,500,100,94,94,94,0.90571915,0.935,0.82186294,0.93617021,0.042553191,1,1.3049139,73.420034,1,formal_success,94,3a105335992a8723a61425270a7947cd2c10681c,9d5f80df8f8de14398bc0c56555cddf4b05d3cd4,d5|m1|bb2|fr1|st0|pr0|fu1|fan3
4-pattern,42,original,20260612_4pattern_a18_cifar10_e5_p3500_c1200_s100_l40s_excl_full_full_reward_seed42,501,600,100,100,100,100,0.919746,0.934,1.0094514,1,0.06,1,1,50.786394,1,formal_success,100,3a105335992a8723a61425270a7947cd2c10681c,956a0cc57381e17e256aca1c2857fa6fce480ec3,d5|m1|bb2|fr1|st0|pr0|fu1|fan3
4-pattern,42,original,20260612_4pattern_a18_cifar10_e5_p3500_c1200_s100_l40s_excl_full_full_reward_seed42,601,700,100,100,100,99,0.917014,0.9326,0.87052596,1,0.13,1,1,36.129803,1,formal_success,99,3a105335992a8723a61425270a7947cd2c10681c,956a0cc57381e17e256aca1c2857fa6fce480ec3,d5|m1|bb2|fr1|st0|pr0|fu1|fan3
4-pattern,42,original,20260612_4pattern_a18_cifar10_e5_p3500_c1200_s100_l40s_excl_full_full_reward_seed42,701,800,100,100,100,100,0.918482,0.934,0.77977415,1,0.09,1,1,40.038196,1,formal_success,100,3a105335992a8723a61425270a7947cd2c10681c,207b8c46d12ca164625b260efc993ba9ea783a7a,d5|m1|bb2|fr1|st0|pr0|fu1|fan3
4-pattern,123,original,20260612_4pattern_a18_cifar10_e5_p3500_c1200_s100_h100x4_shared_full_full_reward_seed123,1,100,100,100,99,98,0.87327071,0.924,0.25285183,0.35353535,0.03030303,0.47474747,4.1744497,91.819037,3.0042265,formal_success,98,138645fcd51fa1cb13b8ee337468cbc2ca2a4444,1303d17fa238e5ed43efabd2b825753425b88fad,d6|m1|bb3|fr1|st0|pr0|fu1|fan3
4-pattern,123,original,20260612_4pattern_a18_cifar10_e5_p3500_c1200_s100_h100x4_shared_full_full_reward_seed123,101,200,100,99,99,99,0.89023232,0.9376,0.49165334,0.42424242,0.03030303,0.65656566,4.2047488,87.577612,2.744452,formal_success,99,9f8b7585e7798a0498472eb0d4816ef2c82669d4,6401d87dfca7731d3ad8b069c10b82b6534f686d,d6|m1|bb3|fr1|st0|pr0|fu1|fan3
4-pattern,123,original,20260612_4pattern_a18_cifar10_e5_p3500_c1200_s100_h100x4_shared_full_full_reward_seed123,201,300,100,100,100,99,0.891242,0.9406,0.86828552,0.38,0.06,0.38,4.4813202,69.246089,3.7787339,formal_success,99,27413ccaf5b33052843a15c4a8706f691c3a77ae,6bd5c6731b3549dd5383863c79d827ca00382ec7,d4|m1|bb2|fr1|st0|pr0|fu1|fan3
4-pattern,123,original,20260612_4pattern_a18_cifar10_e5_p3500_c1200_s100_h100x4_shared_full_full_reward_seed123,301,400,100,96,95,94,0.91787368,0.9476,0.81585528,0.6,0.17894737,0.6,3.3635748,23.398411,3.1156403,formal_success,94,27413ccaf5b33052843a15c4a8706f691c3a77ae,72f59139aed6827e32dda10f3966ba6f3a981a81,d4|m1|bb2|fr1|st0|pr0|fu1|fan3
4-pattern,123,original,20260612_4pattern_a18_cifar10_e5_p3500_c1200_s100_h100x4_shared_full_full_reward_seed123,401,500,100,98,96,95,0.91940625,0.9426,0.88969542,0.29166667,0.17708333,0.29166667,4.8207711,26.648875,4.0480586,formal_success,95,27413ccaf5b33052843a15c4a8706f691c3a77ae,0dd3b75baa02a64eef332f4d14f28b03c33c8eeb,d4|m1|bb2|fr1|st0|pr0|fu1|fan3
4-pattern,123,original,20260612_4pattern_a18_cifar10_e5_p3500_c1200_s100_h100x4_shared_full_full_reward_seed123,501,600,100,99,99,99,0.91738586,0.936,0.91495493,0.43434343,0.15151515,0.43434343,2.9176897,20.532621,2.9176897,formal_success,99,138645fcd51fa1cb13b8ee337468cbc2ca2a4444,0dd3b75baa02a64eef332f4d14f28b03c33c8eeb,d8|m1|bb4|fr2|st0|pr0|fu1|fan3
4-pattern,123,original,20260612_4pattern_a18_cifar10_e5_p3500_c1200_s100_h100x4_shared_full_full_reward_seed123,601,700,100,100,92,92,0.91604565,0.9404,0.84517306,0.30434783,0.065217391,0.30434783,4.6857025,33.668091,3.8814926,formal_success,92,aa8a1d87fcbfb8c73768c46495e97adfdc6c2b42,50ad19f8111ebea8a79a3d2f8c4a46ef6968633e,d6|m1|bb2|fr3|st0|pr0|fu1|fan3
4-pattern,123,original,20260612_4pattern_a18_cifar10_e5_p3500_c1200_s100_h100x4_shared_full_full_reward_seed123,701,800,100,98,96,94,0.90758542,0.9376,0.89815632,0.40625,0.17708333,0.5625,4.326783,19.180659,3.1033294,formal_success,94,9f8b7585e7798a0498472eb0d4816ef2c82669d4,6ddf48283ed092781eace74a84f456f2d2599202,d6|m1|bb3|fr1|st0|pr0|fu1|fan3
4-pattern,777,original,20260612_4pattern_a18_cifar10_e5_p3500_c1200_s100_l40s_excl_full_full_reward_seed777,1,100,100,99,99,99,0.88185657,0.9356,0.28599977,0.32323232,0.03030303,0.5959596,3.8540937,86.81746,2.555354,formal_success,99,20790f38bfeded98562c91865aa0ca10249f299b,6d3a0d7c582b439ed966320097d45d89f29a589b,d6|m1|bb3|fr1|st0|pr0|fu1|fan3
4-pattern,777,original,20260612_4pattern_a18_cifar10_e5_p3500_c1200_s100_l40s_excl_full_full_reward_seed777,101,200,100,97,97,96,0.88409072,0.935,0.3470403,0.36082474,0.030927835,0.44329897,3.7708981,86.823776,3.0475407,formal_success,96,9f8b7585e7798a0498472eb0d4816ef2c82669d4,9129b4908ab6a5459013b1fb67ba4351cd0d82be,d6|m1|bb3|fr1|st0|pr0|fu1|fan3
4-pattern,777,original,20260612_4pattern_a18_cifar10_e5_p3500_c1200_s100_l40s_excl_full_full_reward_seed777,201,300,100,95,95,95,0.90109684,0.9462,0.87126779,0.51578947,0.031578947,0.72631579,3.3417572,76.597553,2.1581229,formal_success,95,9f8b7585e7798a0498472eb0d4816ef2c82669d4,e1c878005984c59aa58aee04ba4398169952a414,d6|m1|bb3|fr1|st0|pr0|fu1|fan3
4-pattern,777,original,20260612_4pattern_a18_cifar10_e5_p3500_c1200_s100_l40s_excl_full_full_reward_seed777,301,400,100,95,93,93,0.89253333,0.939,0.75861823,0.47311828,0.043010753,0.47311828,3.1079458,67.242981,2.7787646,formal_success,93,138645fcd51fa1cb13b8ee337468cbc2ca2a4444,c863915245291082e1cb39dda9ba8009bcff0fb8,d8|m1|bb4|fr2|st0|pr0|fu1|fan3
4-pattern,777,original,20260612_4pattern_a18_cifar10_e5_p3500_c1200_s100_l40s_excl_full_full_reward_seed777,401,500,100,95,95,95,0.90476632,0.9466,0.81726221,0.64210526,0.031578947,0.64210526,1.9197544,72.513421,1.9197544,formal_success,95,9f8b7585e7798a0498472eb0d4816ef2c82669d4,b0976a2a1c82d8a77136900cd1bc8bae1f385ab5,d6|m1|bb3|fr1|st0|pr0|fu1|fan3
4-pattern,777,original,20260612_4pattern_a18_cifar10_e5_p3500_c1200_s100_l40s_excl_full_full_reward_seed777,501,600,100,98,97,97,0.90539381,0.9438,0.96742301,0.5257732,0.030927835,0.5257732,3.3107402,82.443073,2.6489752,formal_success,97,138645fcd51fa1cb13b8ee337468cbc2ca2a4444,04f486935cd921f40981bcc5f3a72d248b1d4038,d8|m1|bb4|fr2|st0|pr0|fu1|fan3
4-pattern,777,original,20260612_4pattern_a18_cifar10_e5_p3500_c1200_s100_l40s_excl_full_full_reward_seed777,601,700,100,97,97,96,0.9118268,0.952,0.93481798,0.42268041,0.041237113,0.42268041,3.4728606,65.821333,3.0803255,formal_success,96,aa8a1d87fcbfb8c73768c46495e97adfdc6c2b42,a26e60ac41260c79d03ffe47612b32bcd6c125c9,d6|m1|bb2|fr3|st0|pr0|fu1|fan3
4-pattern,777,original,20260612_4pattern_a18_cifar10_e5_p3500_c1200_s100_l40s_excl_full_full_reward_seed777,701,800,100,98,98,98,0.90543061,0.945,0.92444259,0.59183673,0.040816327,0.59183673,2.6403591,74.107563,2.5571142,formal_success,98,aa8a1d87fcbfb8c73768c46495e97adfdc6c2b42,42f6a5d4bbd8be96aace723421f3ef9d5a6913eb,d6|m1|bb2|fr3|st0|pr0|fu1|fan3
4-pattern,114,added,20260627_4pattern_a18_cifar10_e5_p3500_c1200_s100_h100x4_shared_full_full_reward_seed114,1,100,100,0,0,0,,,-3.3746333,0.17977528,0.12359551,0.20224719,30.898779,46.531462,18.236623,cpu_prevalidate_RuntimeError,45,4894359936c9a5725f2a1ead5906a4170707fb66,6f4f987c0b56bd5391621943a3b493b99f75e694,d4|m1|bb0|fr1|st0|pr0|fu1|fan3
4-pattern,114,added,20260627_4pattern_a18_cifar10_e5_p3500_c1200_s100_h100x4_shared_full_full_reward_seed114,101,200,100,4,4,0,0.89635,0.9314,-1.25463,0.5,0.25,0.5,2,4,2,cpu_prevalidate_RuntimeError,38,27413ccaf5b33052843a15c4a8706f691c3a77ae,bac37f106c0334d02f5da487ca0211140781d2e3,d4|m1|bb2|fr1|st0|pr0|fu1|fan3
4-pattern,114,added,20260627_4pattern_a18_cifar10_e5_p3500_c1200_s100_h100x4_shared_full_full_reward_seed114,201,300,100,0,0,0,,,-0.9343,0.8989899,0.8989899,0.8989899,1.6533082,1.8156089,1.6986128,syntax_template_or_format_failure,89,805371c231e22a274dce4d3d09c8cf80997013f2,7792b7387c4f1638c5b48f0d0ed12cef12448398,d0|m0|bb0|fr0|st0|pr0|fu0|fan1
4-pattern,114,added,20260627_4pattern_a18_cifar10_e5_p3500_c1200_s100_h100x4_shared_full_full_reward_seed114,301,400,100,0,0,0,,,-0.9265,0.96,0.96,0.96,1.2503155,1.2503155,1.233102,syntax_template_or_format_failure,96,805371c231e22a274dce4d3d09c8cf80997013f2,7792b7387c4f1638c5b48f0d0ed12cef12448398,d0|m0|bb0|fr0|st0|pr0|fu0|fan1
4-pattern,114,added,20260627_4pattern_a18_cifar10_e5_p3500_c1200_s100_h100x4_shared_full_full_reward_seed114,401,500,100,0,0,0,,,-0.8752,0.96,0.96,0.96,1.233102,1.2503155,1.233102,syntax_template_or_format_failure,96,805371c231e22a274dce4d3d09c8cf80997013f2,7792b7387c4f1638c5b48f0d0ed12cef12448398,d0|m0|bb0|fr0|st0|pr0|fu0|fan1
4-pattern,114,added,20260627_4pattern_a18_cifar10_e5_p3500_c1200_s100_h100x4_shared_full_full_reward_seed114,501,600,100,0,0,0,,,-0.87,1,1,1,1,1,1,syntax_template_or_format_failure,100,805371c231e22a274dce4d3d09c8cf80997013f2,7792b7387c4f1638c5b48f0d0ed12cef12448398,d0|m0|bb0|fr0|st0|pr0|fu0|fan1
4-pattern,114,added,20260627_4pattern_a18_cifar10_e5_p3500_c1200_s100_h100x4_shared_full_full_reward_seed114,601,700,100,0,0,0,,,-0.87,1,1,1,1,1,1,syntax_template_or_format_failure,100,805371c231e22a274dce4d3d09c8cf80997013f2,7792b7387c4f1638c5b48f0d0ed12cef12448398,d0|m0|bb0|fr0|st0|pr0|fu0|fan1
4-pattern,114,added,20260627_4pattern_a18_cifar10_e5_p3500_c1200_s100_h100x4_shared_full_full_reward_seed114,701,800,100,0,0,0,,,-0.87,1,1,1,1,1,1,syntax_template_or_format_failure,100,805371c231e22a274dce4d3d09c8cf80997013f2,7792b7387c4f1638c5b48f0d0ed12cef12448398,d0|m0|bb0|fr0|st0|pr0|fu0|fan1
4-pattern,514,added,20260627_4pattern_a18_cifar10_e5_p3500_c1200_s100_h100x4_shared_full_full_reward_seed514,1,100,100,5,5,0,0.76352,0.912,-2.90317,0.4,0.2,0.6,2.8717459,5,2.5864093,cpu_prevalidate_RuntimeError,33,b247b58babcd9bf13860a6653973668a33f2748c,666e69a0b91d33704e4a440b66a6c89a135ef301,d4|m1|bb2|fr0|st0|pr0|fu1|fan3
4-pattern,514,added,20260627_4pattern_a18_cifar10_e5_p3500_c1200_s100_h100x4_shared_full_full_reward_seed514,101,200,100,59,58,37,0.8468678,0.9152,-0.63148863,0.60344828,0.18965517,0.60344828,2.3585844,19.907333,2.4156375,formal_success,37,27413ccaf5b33052843a15c4a8706f691c3a77ae,d5c449ecc2525b5756a5e1a15e0d09599a55fdc7,d4|m1|bb2|fr1|st0|pr0|fu1|fan3
4-pattern,514,added,20260627_4pattern_a18_cifar10_e5_p3500_c1200_s100_h100x4_shared_full_full_reward_seed514,201,300,100,96,96,96,0.85295208,0.914,0.34700872,0.91666667,0.22916667,0.91666667,1.3322057,15.606554,1.3322057,formal_success,96,27413ccaf5b33052843a15c4a8706f691c3a77ae,381172e337bee010ffe6c4490d306df1c6da9a4e,d4|m1|bb2|fr1|st0|pr0|fu1|fan3
4-pattern,514,added,20260627_4pattern_a18_cifar10_e5_p3500_c1200_s100_h100x4_shared_full_full_reward_seed514,301,400,100,98,98,98,0.89355306,0.9214,0.3346826,1,0.25510204,1,1,13.097516,1,formal_success,98,27413ccaf5b33052843a15c4a8706f691c3a77ae,266940fcebf315b2eec8b35abb426129d5469ce0,d4|m1|bb2|fr1|st0|pr0|fu1|fan3
4-pattern,514,added,20260627_4pattern_a18_cifar10_e5_p3500_c1200_s100_h100x4_shared_full_full_reward_seed514,401,500,100,99,99,98,0.90396364,0.9218,0.28199118,0.98989899,0.52525253,0.98989899,1.0580898,3.5542411,1.0580898,formal_success,98,27413ccaf5b33052843a15c4a8706f691c3a77ae,7de4410fc843d627519c0c5c19207c43d9b9b71d,d4|m1|bb2|fr1|st0|pr0|fu1|fan3
4-pattern,514,added,20260627_4pattern_a18_cifar10_e5_p3500_c1200_s100_h100x4_shared_full_full_reward_seed514,501,600,100,100,100,100,0.900728,0.9214,0.22151311,1,0.62,1,1,2.4417193,1,formal_success,100,27413ccaf5b33052843a15c4a8706f691c3a77ae,7de4410fc843d627519c0c5c19207c43d9b9b71d,d4|m1|bb2|fr1|st0|pr0|fu1|fan3
4-pattern,514,added,20260627_4pattern_a18_cifar10_e5_p3500_c1200_s100_h100x4_shared_full_full_reward_seed514,601,700,100,100,100,100,0.907444,0.921,0.35908134,1,0.8,1,1,1.8927488,1,formal_success,100,27413ccaf5b33052843a15c4a8706f691c3a77ae,7de4410fc843d627519c0c5c19207c43d9b9b71d,d4|m1|bb2|fr1|st0|pr0|fu1|fan3
4-pattern,514,added,20260627_4pattern_a18_cifar10_e5_p3500_c1200_s100_h100x4_shared_full_full_reward_seed514,701,800,100,100,100,100,0.909006,0.922,0.38924766,1,0.84,1,1,1.7342472,1,formal_success,100,27413ccaf5b33052843a15c4a8706f691c3a77ae,7de4410fc843d627519c0c5c19207c43d9b9b71d,d4|m1|bb2|fr1|st0|pr0|fu1|fan3
4-pattern,919,reserve_running,20260627_4pattern_a18_cifar10_e5_p3500_c1200_s100_h100x4_shared_full_full_reward_seed919,1,72,72,0,0,0,,,-4.1167083,0.14285714,0.14285714,0.15873016,30.326661,35.634963,23.645112,cpu_prevalidate_RuntimeError,26,4894359936c9a5725f2a1ead5906a4170707fb66,6f4f987c0b56bd5391621943a3b493b99f75e694,d4|m1|bb0|fr1|st0|pr0|fu1|fan3
